"title","meta","text","summary","date","keywords","url","country"
"Orban considers Europe's ‘military strategy’ on Ukraine to be fundamentally flawed","defaultdict(<class 'dict'>, {'description': ""According to the Hungarian prime minister, Brussels' calculation that Russia would become economically exhausted has not come true, and the EU's multibillion-dollar expenditures have not led to the expected results"", 'viewport': 'width=device-width, initial-scale=1.0', 'yandex-verification': 'f91ce7b4a203a30a', 'google-site-verification': 'PoyFi2APBqKw8uGePodmFqId646DYLqqS1qiMTh153w', 'msvalidate.01': 'C05302AEC20336D89FE678451D9C5CDC', 'fb': {'app_id': 145834367435982, 'pages': 144698628932572}, 'og': {'site_name': 'TASS', 'type': 'article', 'image': 'https://cdn-media.tass.ru/width/1200_4ce85301/tass/m2/en/uploads/i/20251003/1455303.jpg', 'url': 'https://tass.com/world/2024847', 'title': ""Orban considers Europe's ‘military strategy’ on Ukraine to be fundamentally flawed"", 'description': ""According to the Hungarian prime minister, Brussels' calculation that Russia would become economically exhausted has not come true, and the EU's multibillion-dollar expenditures have not led to the expected results""}, 'twitter': {'site': {'identifier': '@tass_agency', 'id': 285532415}, 'card': 'summary_large_image', 'title': ""Orban considers Europe's ‘military strategy’ on Ukraine to be fundamentally flawed"", 'description': ""According to the Hungarian prime minister, Brussels' calculation that Russia would become economically exhausted has not come true, and the EU's multibillion-dollar expenditures have not led to the expected results"", 'image': 'https://cdn-media.tass.ru/width/1200_4ce85301/tass/m2/en/uploads/i/20251003/1455303.jpg'}, 'vk': {'image': 'https://cdn-media.tass.ru/width/1200_4ce85301/tass/m2/en/uploads/i/20251003/1455303.jpg'}, 'gtm-page-type': 'news'})","BUDAPEST, October 3. /TASS/. Hungarian Prime Minister Viktor Orban believes that the EU’s strategy regarding the conflict in Ukraine is fundamentally flawed, Zoltan Kovacs, state secretary for international communication and relations at the Hungarian prime minister's office, reported.""Prime Minister Orban called the European war strategy a fundamental error,"" Kovacs wrote on his X page. According to the Hungarian prime minister, Brussels' calculation that Russia would become economically exhausted has not come true, and the EU's multibillion-dollar expenditures have not led to the expected results. Orban also noted that the EU has already spent ""between €170 and €180 billion"" to support Ukraine.Earlier, Orban pointed out that Hungary has been seriously affected by the EU sanctions against Russia.","Hungarian Prime Minister Viktor Orban believes that the EU’s strategy regarding the conflict in Ukraine is fundamentally flawed, Zoltan Kovacs, state secretary for international communication and relations at the Hungarian prime minister's office, reported.
""Prime Minister Orban called the European war strategy a fundamental error,"" Kovacs wrote on his X page.
According to the Hungarian prime minister, Brussels' calculation that Russia would become economically exhausted has not come true, and the EU's multibillion-dollar expenditures have not led to the expected results.
Orban also noted that the EU has already spent ""between €170 and €180 billion"" to support Ukraine.
Earlier, Orban pointed out that Hungary has been seriously affected by the EU sanctions against Russia.","2025-11-19 00:00:00","['flawed', 'zoltan', 'russia', 'kovacs', 'eu', 'considers', 'prime', 'military', 'fundamentally', 'hungarian', 'ukraine', 'orban', 'europes', 'eus', 'strategy', 'minister']","https://tass.com/world/2024847",""
"How did a doctor lacking basic skills and suspended overseas maintain a licence in Ireland?","defaultdict(<class 'dict'>, {'viewport': 'width=device-width, initial-scale=1', 'description': 'Gavriel Simha Furedi is operating as an eye specialist in Romania despite findings of investigation', 'twitter': {'description': 'Gavriel Simha Furedi is operating as an eye specialist in Romania despite findings of investigation', 'title': 'How did a doctor lacking basic skills and suspended overseas maintain a licence in Ireland?', 'image': {'identifier': 'https://www.irishtimes.com/resizer/v2/HPNUJMDKRFFURNNOYC3D2TU5HU.PNG?smart=true&auth=5583cd4f794039d40ff1753137be58e12af490e0476615fa9681d054472b3e1e&width=1200&height=630', 'alt': 'Ophthalmologist Gavriel Simha Furedi obtained his Irish licence in January 2021 shortly after formal complaints were first made about him by colleagues in a Norwegian hospital. Source: ScapaDeOchelari Facebook page'}, 'site': '@IrishTimes', 'card': 'summary_large_image'}, 'og': {'description': 'Gavriel Simha Furedi is operating as an eye specialist in Romania despite findings of investigation', 'title': 'How did a doctor lacking basic skills and suspended overseas maintain a licence in Ireland?', 'image': {'identifier': 'https://www.irishtimes.com/resizer/v2/HPNUJMDKRFFURNNOYC3D2TU5HU.PNG?smart=true&auth=5583cd4f794039d40ff1753137be58e12af490e0476615fa9681d054472b3e1e&width=1200&height=630', 'alt': 'Ophthalmologist Gavriel Simha Furedi obtained his Irish licence in January 2021 shortly after formal complaints were first made about him by colleagues in a Norwegian hospital. Source: ScapaDeOchelari Facebook page'}, 'type': 'article', 'site_name': 'The Irish Times', 'url': 'https://www.irishtimes.com/health/2025/10/03/how-a-doctor-lacking-basic-skills-and-suspended-in-norway-maintained-a-licence-in-ireland/'}, 'keywords': 'irish-medical-council,norway', 'robots': 'noarchive'})","Doctors in Norway’s Hammerfest Hospital first became concerned about their colleague, Gavriel Simha Furedi, shortly after he started working there as an ophthalmologist in March 2020.Dr Furedi had a poor grasp of the language and was unable to understand basic Latin terms any doctor should know. He had trouble interpreting scans and sometimes did not read the medical notes of his patients, an investigation by The Irish Times, the Organised Crime and Corruption Reporting Project and 50 other media outlets around the world has found.More concerning was his lack of understanding of infection control and sterilisation procedures, something of particular concern given the arrival of Covid-19 in Norway that spring. He also struggled with administering injections and did not seem to improve with training.[ Doctors sanctioned overseas able to retain licences to practise in IrelandOpens in new window ]The doctor left the Hammerfest Hospital in July 2020 after just four months. Around the same time, two of his colleagues formally raised complaints about his medical competence.The Norwegian Board of Health Supervision, which oversees medical licences in the country, launched an investigation which, in June 2021, resulted in the doctor’s licence being suspended for six months. That December the board permanently struck him from the register, citing “serious deficiencies” in his professional competence.A notification of Dr Furedi’s initial suspension and eventual erasure was sent to medical councils across Europe . This was done through the Internal Market Information (IMI) system, an information exchange for regulatory bodies in the European Economic Area.Members are obliged to send IMI alerts whenever they issue a serious sanction against a practitioner, in case that doctor is also registered in another country.Almost immediately, the notification caught the eye of the Irish Medical Council. Their records showed Dr Furedi was registered to practise in Ireland as an ophthalmologist. He had been admitted to the register six months previously in January 2021, after the start of the complaint procedure in Norway, but before the doctor’s suspension.Irish officials wrote to their Norwegian counterparts seeking additional information on the doctor’s case so they could launch their own investigation.That’s where matters stalled. The Irish Medical Council repeatedly wrote to the Norwegian Board of Health Supervision requesting all the relevant case documents.Some documents were sent over but others, such as transcripts of hearings and contact details for patients affected by Dr Furedi’s failings, were not forthcoming. The Norwegians told Irish officials they did not have them.[ Doctor suspended abroad was still licensed in Ireland, investigation finds ]The Irish officials decided to take action anyway. Following an application by the medical council, the High Court suspended Dr Furedi’s Irish registration in May 2023 pending a full hearing.By that stage, Dr Furedi had been free to practise in Ireland for two years after he had been suspended in Norway for lacking basic medical knowledge. Whether he did work here is not clear. The medical council refused to answer questions on the matter, citing “an ongoing regulatory process”.A full hearing on Dr Furedi’s Irish registration is pending and Irish officials are waiting on documents, which Norwegian officials say do not exist.Dr Furedi is still working as an eye specialist in a clinic in his native Romania. As of yesterday, a patient could get an eye exam with him for the equivalent of €60.This is despite Romania being notified of the actions taken by the Norwegian and Irish authorities. Neither Dr Furedi or the Romanian medical authority responded to requests for comment on Thursday.His case is far from unique. A six-month reporting project by 50 media outlets from around the world, including The Irish Times, collated doctors’ disciplinary records from 45 countries as part of an investigation into how disciplinary information is shared between countries.More than 2.5 million records were entered into a specially designed computer programme that looked for instances of a doctor sanctioned in one country and registered to practise in another.Reporters found dozens of cases where doctors were able to continue practising in a country after being struck off or suspended in another jurisdiction. Many more cases were found of doctors who were subject to restrictions or lesser sanctions that were not recorded on their licences in other countries.The data raises questions over how effective the information-sharing system is, as well as the level of information on doctors’ pasts that should be made available to the public by authorities.In Ireland 11 confirmed cases were found of doctors who were sanctioned abroad and who were able to retain their ability to practise here without any record of their misconduct appearing on public records. It is not clear if any of these doctors continue to","Dr Furedi had a poor grasp of the language and was unable to understand basic Latin terms any doctor should know.
Almost immediately, the notification caught the eye of the Irish Medical Council.
The Irish Medical Council repeatedly wrote to the Norwegian Board of Health Supervision requesting all the relevant case documents.
Following an application by the medical council, the High Court suspended Dr Furedi’s Irish registration in May 2023 pending a full hearing.
The Irish Medical Council said it has dealt with all cases highlighted by The Irish Times in line with proper procedure.","2025-10-03 00:00:00","['suspended', 'medical', 'dr', 'furedi', 'doctor', 'ireland', 'doctors', 'skills', 'council', 'practise', 'maintain', 'lacking', 'licence', 'irish', 'patients', 'overseas', 'basic']","https://www.irishtimes.com/health/2025/10/03/how-a-doctor-lacking-basic-skills-and-suspended-in-norway-maintained-a-licence-in-ireland/",""
"Russia-Linked Tanker Stopped by France Resumes Voyage – Vessel Trackers","defaultdict(<class 'dict'>, {'googlebot': 'noarchive', 'viewport': 'width=device-width, initial-scale=1', 'theme-color': '#5882b5', 'og': {'site_name': 'The Moscow Times', 'url': 'https://www.themoscowtimes.com/2025/10/03/russia-linked-tanker-stopped-by-france-resumes-voyage-vessel-trackers-a90704', 'title': 'Russia-Linked Tanker Stopped by France Resumes Voyage – Vessel Trackers - The Moscow Times', 'description': 'A tanker from Russia\'s ""shadow fleet"" detained by the French navy was heading towards the Suez Canal Friday with its captain back on board, according to data from maritime websites and a source close to the case.', 'image': {'identifier': 'https://static.themoscowtimes.com/image/og/8b/90704__8b151cf94d6ae80e03d99371db7bc8bc.jpg', 'width': 1200, 'height': 630}}, 'fb': {'admins': '1190953093,691361317', 'app_id': 1446863628952411}, 'twitter': {'site': '@MoscowTimes', 'creator': '@MoscowTimes', 'account_id': 19527964, 'card': 'summary_large_image', 'title': 'Russia-Linked Tanker Stopped by France Resumes Voyage – Vessel Trackers', 'description': 'A tanker from Russia\'s ""shadow fleet"" detained by the French navy was heading towards the Suez Canal Friday with its captain back on board, according to data from maritime websites and a source close to the case.', 'image': {'src': 'https://static.themoscowtimes.com/image/og/8b/90704__8b151cf94d6ae80e03d99371db7bc8bc.jpg'}}, 'keywords': 'France,shadow fleet', 'news_keywords': 'France,shadow fleet', 'description': 'A tanker from Russia\'s ""shadow fleet"" detained by the French navy was heading towards the Suez Canal Friday with its captain back on board, according to data from maritime websites and a source close to the case.', 'thumbnail': 'https://static.themoscowtimes.com/image/320/41/IMG_7816.jpeg', 'author': 'AFP', 'article': {'author': 'AFP', 'content_tier': 'free', 'modified_time': '2025-11-20T10:04:57+03:00', 'published_time': '2025-10-03T11:57:00+03:00', 'publisher': 'https://www.facebook.com/MoscowTimes', 'section': 'news', 'tag': 'France,shadow fleet'}, 'yandex-verification': '45c6975db53b11d6'})","A tanker from Russia's ""shadow fleet"" detained by the French navy was heading towards the Suez Canal Friday with its captain back on board, according to data from maritime websites and a source close to the case.The Boracay, blacklisted by the European Union for being part of Russia's sanctions-busting ""shadow fleet"" of ageing oil tankers, has been linked to mysterious drone flights over Denmark last month.It had been boarded by French authorities on Saturday and its captain and first mate detained.But it resumed its journey Thursday evening and was off the coast of western France on Friday morning, data from vessel tracking websites Marine Traffic and Vesselfinder showed.The tanker's Chinese captain — who had been due to appear in a French court in February over failing to comply with orders from the French navy — and first mate were back on board, a source close to the case said.""They were brought back to their ship after being released from custody,"" a source close to the case requesting anonymity told AFP.French prosecutors said Thursday the vessel was stopped over inconsistencies in where it was officially registered while it was carrying a ""large cargo of oil"" from Russia to India. It claims to be flagged in Benin.The ship has been linked to the series of mysterious drone flights over Denmark last month, including military sites, part of a recent spate of drone sightings and airspace violations in European countries blamed on Russia — though Moscow denies responsibility.Russian President Vladimir Putin on Thursday condemned France's detention of the ship as ""piracy,"" vowing a ""significant"" response to what he called European threats.French President Emmanuel Macron had earlier urged European countries to do more to thwart Moscow's efforts to skirt Western sanctions imposed after the 2022 invasion of Ukraine.Macron said Europe needed to ""kill the business model"" of using ageing, foreign-flagged tankers to transport Russian oil by detaining such ships.The vessels — which fly flags of convenience, have opaque ownership and often turn their transponders off — enable Moscow to keep exporting its crude oil for much-needed revenue despite curbs on exports.Some of these ships are suspected of also carrying out sabotage operations.The tanker left the Russian port of Primorsk near St. Petersburg on Sept. 20, shipping data showed.According to data from the Marine Traffic tracker, the vessel was scheduled to arrive in Vadinar in northwestern India on Oct. 20.","The Boracay, blacklisted by the European Union for being part of Russia's sanctions-busting ""shadow fleet"" of ageing oil tankers, has been linked to mysterious drone flights over Denmark last month.
But it resumed its journey Thursday evening and was off the coast of western France on Friday morning, data from vessel tracking websites Marine Traffic and Vesselfinder showed.
""They were brought back to their ship after being released from custody,"" a source close to the case requesting anonymity told AFP.
The tanker left the Russian port of Primorsk near St. Petersburg on Sept. 20, shipping data showed.
According to data from the Marine Traffic tracker, the vessel was scheduled to arrive in Vadinar in northwestern India on Oct. 20.","2025-10-03 00:00:00","['oil', 'russialinked', 'tankers', 'ship', 'resumes', 'french', 'voyage', 'vessel', 'data', 'stopped', 'drone', 'close', 'source', 'tanker', 'france', 'trackers', 'european']","https://www.themoscowtimes.com/2025/10/03/russia-linked-tanker-stopped-by-france-resumes-voyage-vessel-trackers-a90704",""
"We shall penalise shipping lines who bring excavators without permit – John Mahama","defaultdict(<class 'dict'>, {'robots': 'index, follow, max-snippet:-1, max-video-preview:-1, max-image-preview:large', 'description': 'President John Dramani Mahama has outlined measures being implemented by his administration to tackle illegal small-scale mining, popularly known as galamsey.', '3f1ef46355f20ca6f3ba786df603db68621442c8': '3f1ef46355f20ca6f3ba786df603db68621442c8', 'twitter': {'card': 'summary_large_image', 'site': '@TheGhanaWeb', 'title': 'We shall penalise shipping lines who bring excavators without permit – John Mahama', 'url': 'https://www.ghanaweb.com/GhanaHomePage/NewsArchive/We-shall-penalise-shipping-lines-who-bring-excavators-without-permit-John-Mahama-2003532', 'description': 'President John Dramani Mahama has outlined measures being implemented by his administration to tackle illegal small-scale mining, popularly known as galamsey.', 'image': 'https://cdn.ghanaweb.com/imagelib/pics/447/44798669.jpg'}, 'og': {'site_name': 'GhanaWeb', 'type': 'article', 'locale': 'en_US', 'title': 'We shall penalise shipping lines who bring excavators without permit – John Mahama', 'image': {'identifier': 'https://cdn.ghanaweb.com/imagelib/pics/447/44798669.jpg', 'width': 600, 'height': 361}, 'url': 'https://www.ghanaweb.com/GhanaHomePage/NewsArchive/We-shall-penalise-shipping-lines-who-bring-excavators-without-permit-John-Mahama-2003532', 'description': 'President John Dramani Mahama has outlined measures being implemented by his administration to tackle illegal small-scale mining, popularly known as galamsey.'}, 'article': {'published_time': '2025-10-03T17:14:31+00:00', 'modified_time': '2025-10-03T17:22:42+00:00'}})","General News of Friday, 3 October 2025Source: www.ghanaweb.comPresident John Dramani Mahama has outlined measures being implemented by his administration to tackle illegal small-scale mining, popularly known as galamsey.Speaking at an engagement with Civil Society Organisations (CSOs) in Accra on Friday, October 3, 2025, the president said the registration and licensing of excavators remain key steps in tracking operators involved in illegal mining.Mahama issued a stern warning to shipping companies, cautioning that they will face sanctions if they transport excavators into Ghana without proper authorisation.Dr Ashigbey quizzes Mahama, AG on why only Akonta Mining is target in galamsey fight“We shall penalise you for carrying those excavators here to Ghana without a permit,” he warned.He stressed that every excavator in the country must be registered, with its ownership clearly identified, to ensure accountability and regulation in the mining sector.The president further assured stakeholders that his administration is committed to tightening the enforcement regime to curb the destruction of the environment caused by galamsey activities.MRA/AE'She Smokes Wee': Ex-SHS assistant head speaks on KNUST SHS student in viral video","General News of Friday, 3 October 2025Source: www.ghanaweb.comPresident John Dramani Mahama has outlined measures being implemented by his administration to tackle illegal small-scale mining, popularly known as galamsey.
Speaking at an engagement with Civil Society Organisations (CSOs) in Accra on Friday, October 3, 2025, the president said the registration and licensing of excavators remain key steps in tracking operators involved in illegal mining.
Mahama issued a stern warning to shipping companies, cautioning that they will face sanctions if they transport excavators into Ghana without proper authorisation.
Dr Ashigbey quizzes Mahama, AG on why only Akonta Mining is target in galamsey fight“We shall penalise you for carrying those excavators here to Ghana without a permit,” he warned.
MRA/AE'She Smokes Wee': Ex-SHS assistant head speaks on KNUST SHS student in viral video","2025-10-03 17:14:31+00:00","['excavators', 'mining', 'illegal', 'permit', 'bring', 'wee', 'president', 'ghana', 'lines', 'galamsey', 'shall', 'administration', 'shipping', 'john', 'wwwghanawebcompresident', 'mahama', 'penalise']","https://www.ghanaweb.com/GhanaHomePage/NewsArchive/We-shall-penalise-shipping-lines-who-bring-excavators-without-permit-John-Mahama-2003532",""
"7 players, 7 questions - Malaysia's Fifa reckoning","defaultdict(<class 'dict'>, {'viewport': 'width=device-width, initial-scale=1', 'msapplication-TileColor': '#FFFFFF', 'msapplication-TileImage': '/ms-icon-144x144.png', 'theme-color': '#FFFFFF', 'mk': {'language': 'en', 'pagetype': 'content', 'category': 'columns', 'sid': 756890, 'free': 'false', 'comment_status': 1}, 'site_platform': 'desktop', 'meta_language': 'en', 'og': {'locale': 'en_MY', 'type': 'article', 'url': 'https://www.malaysiakini.com/columns/756890', 'title': ""COMMENT | 7 players, 7 questions - Malaysia's Fifa reckoning"", 'description': 'When sporting ambition sidesteps integrity, the nation pays the price.', 'site_name': 'Malaysiakini', 'image': {'identifier': 'https://i.newscdn.net/publisher-c1a3f893382d2b2f8a9aa22a654d9c97/2025/09/9732b80ae2d77ff3337857cac286345e.jpg=s600', 'secure_url': 'https://i.newscdn.net/publisher-c1a3f893382d2b2f8a9aa22a654d9c97/2025/09/9732b80ae2d77ff3337857cac286345e.jpg=s600'}}, 'fb': {'app_id': 836027963224534, 'pages': 295708630931029}, 'dailymotion-domain-verification': 'dmxduttucpzpt8r7w', 'description': 'When sporting ambition sidesteps integrity, the nation pays the price.', 'twitter': {'card': 'summary_large_image', 'site': '@malaysiakini', 'creator': '@malaysiakini', 'title': ""COMMENT | 7 players, 7 questions - Malaysia's Fifa reckoning"", 'url': 'https://www.malaysiakini.com/news/756890', 'description': 'When sporting ambition sidesteps integrity, the nation pays the price.', 'image': 'https://i.newscdn.net/publisher-c1a3f893382d2b2f8a9aa22a654d9c97/2025/09/9732b80ae2d77ff3337857cac286345e.jpg'}, 'article': {'author': 'GK Ganesan', 'tag': 'citizenship', 'section': 'columns', 'publisher': 'https://www.facebook.com/MalaysiaKini/', 'published_time': '2025-10-03 10:30:00+08:00', 'modified_time': '2025-10-03 10:33:08+08:00'}, 'next-head-count': 79})","COMMENT | Malaysia’s football dreams crashed in September 2025. The International Federation of Association Football (Fifa) imposed crushing sanctions on the Football Association of Malaysia (FAM) and seven star players.The reason? Forged documents were used to field naturalised footballers.The penalty was severe. FAM faced a 350,000 Swiss francs fine - nearly RM1.9 million. Seven players received 12-month suspensions from all football activities. Each player also faced individual fines of 2,000 Swiss francs.The scandal made global headlines. Malaysia became famous for all the wrong reasons.The trouble began on June 10, 2025. Malaysia’s national team, “Harimau Malaya”, faced Vietnam in the AFC Asian Cup qualifiers.Seven naturalised players took the field. Malaysia won 4-0, their first victory over Vietnam in 11 years.But victory came at a cost. Complaints about player eligibility reached Fifa. The world football body investigated. What they found was shocking: doctored documents submitted to prove nationality.Fifa’s Disciplinary Committee found...","The International Federation of Association Football (Fifa) imposed crushing sanctions on the Football Association of Malaysia (FAM) and seven star players.
Seven players received 12-month suspensions from all football activities.
Malaysia’s national team, “Harimau Malaya”, faced Vietnam in the AFC Asian Cup qualifiers.
Seven naturalised players took the field.
Malaysia won 4-0, their first victory over Vietnam in 11 years.","2025-10-03 10:30:00+08:00","['seven', 'players', 'fifa', 'swiss', 'reckoning', 'naturalised', 'player', 'malaysias', 'faced', 'vietnam', 'malaysia', 'victory', 'football', 'questions']","https://www.malaysiakini.com/columns/756890",""
"Pro-Palestine supporters gather outside Parly to urge SA govt to cut ties with Israel","defaultdict(<class 'dict'>, {'viewport': 'width=device-width, initial-scale=1', 'smartbanner': {'title': 'Eyewitness News', 'author': 'Primedia (Pty) Ltd', 'icon-apple': 'images/logos/app-icon.png', 'icon-google': 'images/logos/app-icon.png', 'button-url-apple': 'https://apps.apple.com/at/app/eyewitness-news/id636459947', 'button-url-google': 'https://play.google.com/store/apps/details?id=za.co.primedia.ewn', 'enabled-platforms': 'ios,android', 'close-label': 'Close', 'exclude-user-agent-regex': '^.*(Version).*Safari'}, 'google-adsense-account': 'ca-pub-9185769624345453', 'apple-itunes-app': 'app-id=636459947', 'creator': '@ewnreporter', 'twitter': {'creator': '@ewnreporter', 'site': '@ewnreporter', 'card': 'summary_large_image', 'image': 'https://media-cache.primedia-service.com/media/npwpd24e/gaza-protest.jpg?width=1200&height=900', 'title': 'Pro-Palestine supporters gather outside Parly to urge SA govt to cut ties with Israel', 'description': ""The protest follows the Israeli Navy’s interception of the Global Sumud Flotilla, which included ten South Africans, among them Nelson Mandela's grandson, Mandla.""}, 'og': {'type': 'article', 'site_name': 'EWN', 'image': 'https://media-cache.primedia-service.com/media/npwpd24e/gaza-protest.jpg?width=1200&height=630', 'title': 'Pro-Palestine supporters gather outside Parly to urge SA govt to cut ties with Israel', 'description': ""The protest follows the Israeli Navy’s interception of the Global Sumud Flotilla, which included ten South Africans, among them Nelson Mandela's grandson, Mandla.""}, 'keywords': 'ewn, ewn news, news, eyewitness news, eye witness news, latest news, news today, ewn south africa, ewn-news, primedia+, primedia plus, prime media plus', 'description': ""The protest follows the Israeli Navy’s interception of the Global Sumud Flotilla, which included ten South Africans, among them Nelson Mandela's grandson, Mandla."", 'author': 'Carlo Petersen'})","About a hundred pro-Palestine supporters have gathered outside Parliament to urge the South African government to cut all ties with Israel.The protest follows the Israeli Navy’s interception of the Global Sumud Flotilla, which included ten South Africans, among them Nelson Mandela's grandson, Mandla.The protesters are also calling for the safe return of the passengers captured by Israel.Mothers For Gaza co-ordinator Ayesha Vegas helped organise Friday's protest outside Parliament.""So we are here today to put pressure on our government to do more for our civilians that have been abducted by apartheid Israel.""ALSO READ:• Activist on Gaza flotilla pleads with SA govt to intervene after Israeli interception• Protests worldwide condemn Israeli interception of Gaza flotilla• Ramaphosa says interception of the Global Sumud Flotilla is against international law• Ramaphosa calls on Israeli govt to release South Africans detained during flotilla interceptionVegas said there's more the South African government can do.""We also want to call on our government to stop selling coal to Israel to place sanctions on them, and to close the US embassy.""The protest is part of a national campaign by pro-Palestine supporters to end the conflict in Gaza.","About a hundred pro-Palestine supporters have gathered outside Parliament to urge the South African government to cut all ties with Israel.
The protest follows the Israeli Navy’s interception of the Global Sumud Flotilla, which included ten South Africans, among them Nelson Mandela's grandson, Mandla.
Mothers For Gaza co-ordinator Ayesha Vegas helped organise Friday's protest outside Parliament.
""So we are here today to put pressure on our government to do more for our civilians that have been abducted by apartheid Israel.""
The protest is part of a national campaign by pro-Palestine supporters to end the conflict in Gaza.","2025-10-03 00:00:00","['interception', 'cut', 'gaza', 'south', 'israel', 'israeli', 'outside', 'ramaphosa', 'urge', 'protest', 'ties', 'parly', 'govt', 'gather', 'flotilla', 'sumud', 'propalestine', 'supporters']","https://www.ewn.co.za/2025/10/03/pro-palestine-supporters-gather-outside-parly-to-urge-sa-govt-to-cut-ties-with-israel",""
"Houthi rebels SANCTION American oil giants amid escalating Middle East tensions – NaturalNews.com","defaultdict(<class 'dict'>, {'title': 'Houthi rebels SANCTION American oil giants amid escalating Middle East tensions   – NaturalNews.com', 'description': 'Yemen’s Houthi rebels imposed sanctions on 13 U.S. oil companies (including ExxonMobil, Chevron), nine executives and two vessels, accusing them of violating an embargo on American crude exports. The Houthi-affiliated HOCC framed the sanctions as retaliation against U.S. sanctions, warning of “all available means” to defend Yemen’s sovereignty. Analysts question if this signals renewed attacks […]', 'keywords': 'Ansar Allah,big government,chaos,economic warfare,economy,energy,energy supply,fossil fuel,Houthis,Humanitarian Operations Coordination Center,jihad,new energy report,oil companies,oil giants,politics,power,sanctions,terorrism,WWIII', 'news_keywords': 'Ansar Allah,big government,chaos,economic warfare,economy,energy,energy supply,fossil fuel,Houthis,Humanitarian Operations Coordination Center,jihad,new energy report,oil companies,oil giants,politics,power,sanctions,terorrism,WWIII', 'viewport': 'width=device-width, initial-scale=1.0, maximum-scale=3.0, shrink-to-fit=yes', 'og': {'title': 'Houthi rebels SANCTION American oil giants amid escalating Middle East tensions   – NaturalNews.com', 'type': 'article', 'url': 'https://www.naturalnews.com/2025-10-04-houthi-rebels-impose-sanctions-american-oil-giants.html', 'site_name': 'NaturalNews.com', 'description': 'Yemen’s Houthi rebels imposed sanctions on 13 U.S. oil companies (including ExxonMobil, Chevron), nine executives and two vessels, accusing them of violating an embargo on American crude exports. The Houthi-affiliated HOCC framed the sanctions as retaliation against U.S. sanctions, warning of “all available means” to defend Yemen’s sovereignty. Analysts question if this signals renewed attacks […]', 'image': 'https://www.naturalnews.com/wp-content/uploads/sites/91/2025/10/Crude-Oil-Tanker-Boat-Ship-Ocean.jpg'}, 'article': {'published_time': '10/04/2025 05:12:50', 'post_id': 261472}, 'twitter': {'card': 'summary_large_image', 'title': 'Houthi rebels SANCTION American oil giants amid escalating Middle East tensions   – NaturalNews.com', 'description': 'Yemen’s Houthi rebels imposed sanctions on 13 U.S. oil companies (including ExxonMobil, Chevron), nine executives and two vessels, accusing them of violating an embargo on American crude exports. The Houthi-affiliated HOCC framed the sanctions as retaliation against U.S. sanctions, warning of “all available means” to defend Yemen’s sovereignty. Analysts question if this signals renewed attacks […]', 'url': 'https://www.naturalnews.com/2025-10-04-houthi-rebels-impose-sanctions-american-oil-giants.html', 'image': 'https://www.naturalnews.com/wp-content/uploads/sites/91/2025/10/Crude-Oil-Tanker-Boat-Ship-Ocean.jpg'}, 'application-name': 'Natural News', 'apple-mobile-web-app-capable': 'yes', 'apple-mobile-web-app-title': 'Natural News', 'apple-mobile-web-app-status-bar-style': '#002D20', 'apple-touch-fullscreen': 'yes', 'mobile-web-app-capable': 'yes', 'msapplication-TileColor': '#002D20'})","Houthi rebels SANCTION American oil giants amid escalating Middle East tensionsYemen's Houthi rebels imposed sanctions on 13 U.S. oil companies (including ExxonMobil, Chevron), nine executives and two vessels, accusing them of violating an embargo on American crude exports.The Houthi-affiliated HOCC framed the sanctions as retaliation against U.S. sanctions, warning of ""all available means"" to defend Yemen's sovereignty. Analysts question if this signals renewed attacks on U.S.-linked shipping in the Red Sea and Gulf of Aden.Experts dismiss the sanctions as largely symbolic, noting Gulf oil flows are dominated by Chinese, Russian and Iranian-linked entities the Houthis avoid targeting. Some view it as a ""media stunt"" amid economic strain.The move coincides with Israel's Gaza offensive, U.S.-backed peace efforts and UN sanctions on Iran. Days earlier, Houthis struck a Dutch cargo ship, showcasing their disruptive capabilities.The sanctions escalate tensions, risking further U.S. retaliation and drawing the region closer to a broader conflict where oil infrastructure could become a battleground, destabilizing global energy markets.Yemen's Iran-aligned Houthi rebels have imposed sanctions on 13 U.S. oil companies, nine executives and two vessels, accusing them of violating an embargo on American crude oil exports.The move was announced by the Houthi-affiliated Humanitarian Operations Coordination Center (HOCC) on Tuesday, Sept. 30. It came in response to sanctions from Washington, despite a fragile ceasefire brokered by Oman under the second Trump administration.The targeted firms include ExxonMobil, Chevron, ConocoPhillips, Phillips 66, Marathon Petroleum, Valero and Occidental Petroleum. Petroleum CEOs such as Exxon's Darren Woods and Chevron's Mike Wirth are also named as targets of the sanctions.The HOCC warned it would ""employ all available means"" to defend Yemen's sovereignty, framing the sanctions as reciprocal measures. Analysts question whether this signals a return to Houthi attacks on U.S.-linked shipping, which could destabilize the Red Sea and Gulf of Aden – critical chokepoints for global energy trade.The timing is conspicuous. The sanctions coincide with Israel's ongoing offensive in Gaza, a U.S.-backed peace plan and the snapback of United Nations sanctions on Iran. Just days earlier, the Houthis claimed responsibility for a missile strike on a Dutch cargo ship, leaving it ablaze – a reminder of their disruptive capabilities. (Related: Houthis escalate attacks as Dutch cargo ship set ablaze in Gulf of Aden.)HOCC sanctions: Symbolic stunt or calculated escalation?Yet experts like Mohammed Al-Basha dismiss the sanctions as largely symbolic, noting that Gulf oil flows remain dominated by Chinese, Russian and Iranian-linked entities the Houthis avoid antagonizing. ""This looks like a media stunt,"" he told Reuters, suggesting the rebels aim to project defiance amid economic strain from U.S. and Israeli pressure.Historically, the Houthis have leveraged maritime attacks to wield disproportionate influence, framing their campaign as solidarity with Palestinians. Yet their latest sanctions – detailed with corporate addresses, LEI codes and vessel IMO numbers – reflect a calculated escalation.According to Brighteon.AI's Enoch, the Houthis view U.S. aggression – including military strikes and support for Israel’s genocidal war – as a direct threat, prompting defensive retaliation. Their missile launches are a response to years of U.S.-backed Saudi bombings and Washington's complicity in regional war crimes.The HOCC's statement insists the goal is ""positive behavioral change,"" not mere punishment. But with U.S. crude imports from the Gulf at a 40-year low, the immediate market impact may be negligible.The broader stakes, however, are dire. The Trump administration faces mounting pressure to respond as it navigates a divided stance on Iran. Meanwhile, the Houthis' alignment with Tehran risks drawing the region closer to a wider conflict – one where oil infrastructure, already vulnerable, could become a battleground.As global energy markets brace for volatility, the sanctions underscore a grim reality. In today's fractured world, economic warfare is just another front in the fight for dominance.Visit Power.news for more similar stories.Watch Houthi leader Abdul-Malik al-Houthi announcing that U.S. vessels are now included in the ban on maritime shipping in this video.This video is from The Prisoner channel on Brighteon.com.More related stories:Houthi drone boats strike oil tankers in the Red Sea.Houthi rebels attack two US destroyers in the Red Sea with devastating drone strike.Houthi attack on Greek oil tanker sparks fears of environmental catastrophe in Red Sea.Sources include:ZeroHedge.comEn.HOCC.gov.yeOilPrice.comReuters.comBrighteon.aiBrighteon.com","Houthi rebels SANCTION American oil giants amid escalating Middle East tensionsYemen's Houthi rebels imposed sanctions on 13 U.S. oil companies (including ExxonMobil, Chevron), nine executives and two vessels, accusing them of violating an embargo on American crude exports.
Experts dismiss the sanctions as largely symbolic, noting Gulf oil flows are dominated by Chinese, Russian and Iranian-linked entities the Houthis avoid targeting.
Yemen's Iran-aligned Houthi rebels have imposed sanctions on 13 U.S. oil companies, nine executives and two vessels, accusing them of violating an embargo on American crude oil exports.
Houthi rebels attack two US destroyers in the Red Sea with devastating drone strike.
Houthi attack on Greek oil tanker sparks fears of environmental catastrophe in Red Sea.","2025-10-04 00:00:00","['oil', 'gulf', 'attacks', 'naturalnewscom', 'middle', 'houthis', 'sanctions', 'escalating', 'giants', 'sanction', 'tensions', 'red', 'usbacked', 'houthi', 'east', 'vessels', 'rebels']","https://www.naturalnews.com/2025-10-04-houthi-rebels-impose-sanctions-american-oil-giants.html",""
"EU Extends Sanctions on Russia Until 2026 Over Hybrid Threats","defaultdict(<class 'dict'>, {'viewport': 'width=device-width, initial-scale=1.0', 'robots': 'index, follow, max-image-preview:large, max-snippet:-1, max-video-preview:-1', 'description': 'The European Union has extended sanctions on Russia until October 2026, citing ongoing hybrid threats including cyberattacks, disinformation', 'og': {'locale': 'en_US', 'type': 'article', 'title': 'EU Extends Sanctions on Russia Until 2026 Over Hybrid Threats - Khaama Press', 'description': 'The European Union has extended sanctions on Russia until October 2026, citing ongoing hybrid threats including cyberattacks, disinformation', 'url': 'https://www.khaama.com/eu-extends-sanctions-on-russia-until-2026-over-hybrid-threats/', 'site_name': 'Khaama Press', 'image': {'identifier': 'https://www.khaama.com/wp-content/uploads/2023/10/EU-flag.jpg', 'width': 768, 'height': 432, 'type': 'image/jpeg'}}, 'article': {'publisher': 'https://www.facebook.com/khaamapressGlobal', 'published_time': '2025-10-04T05:13:31+00:00', 'modified_time': '2025-10-04T05:13:38+00:00'}, 'author': 'Fidel Rahmati', 'twitter': {'card': 'summary_large_image', 'creator': '@https://www.twitter.com/fidelrahmati', 'site': '@khaama', 'label1': 'Written by', 'data1': 'Fidel Rahmati', 'label2': 'Est. reading time', 'data2': '2 minutes'}, 'msapplication-TileImage': 'https://www.khaama.com/wp-content/uploads/2019/12/cropped-Khaama-Press-Logo-270x270.jpg'})","The European Union has extended sanctions on Russia until October 2026, citing ongoing hybrid threats including cyberattacks, disinformation campaigns, and destabilizing influence operations across Europe.The European Union has extended its sanctions against Russia for another year, citing Moscow’s continued “hybrid activities” that threaten regional stability and undermine European security.In a statement released on Friday, October 3, the Council of the European Union announced that the sanctions will now remain in effect until October 9, 2026. The decision underscores the bloc’s determination to respond to what it calls Russia’s “persistent destabilizing operations.”Introduced last year, the sanctions regime targets those involved in hybrid warfare — including cyberattacks, disinformation campaigns, and political interference. It currently covers 47 individuals and 15 entities, all subject to asset freezes and travel bans within the EU.Under the renewed measures, EU citizens and companies are prohibited from transferring funds, assets, or any economic resources to the listed persons or organizations. The targeted individuals are also barred from entering or transiting through EU member states.The European Council said the move aims to deter Russia from further hybrid activities and to safeguard the integrity of European democratic institutions. It reiterated that restricting Moscow’s destabilizing influence remains essential to maintaining regional peace and supporting Ukraine.The extension of sanctions reflects the EU’s unified stance against Russia’s evolving use of hybrid tactics, a combination of cyber, propaganda, and covert influence operations. Brussels insists that such measures are critical to defending Europe’s security and values.However, analysts note that while sanctions have constrained some Russian networks, they have yet to alter Moscow’s strategic approach. The EU’s continued resolve, they say, demonstrates its long-term commitment to countering hybrid warfare beyond traditional military fronts.","The European Union has extended sanctions on Russia until October 2026, citing ongoing hybrid threats including cyberattacks, disinformation campaigns, and destabilizing influence operations across Europe.
The European Union has extended its sanctions against Russia for another year, citing Moscow’s continued “hybrid activities” that threaten regional stability and undermine European security.
In a statement released on Friday, October 3, the Council of the European Union announced that the sanctions will now remain in effect until October 9, 2026.
It reiterated that restricting Moscow’s destabilizing influence remains essential to maintaining regional peace and supporting Ukraine.
The EU’s continued resolve, they say, demonstrates its long-term commitment to countering hybrid warfare beyond traditional military fronts.","2025-10-04 05:13:31+00:00","['2026', 'destabilizing', 'extends', 'eu', 'sanctions', 'influence', 'warfare', 'russias', 'threats', 'moscows', 'union', 'russia', 'hybrid', 'european']","https://www.khaama.com/eu-extends-sanctions-on-russia-until-2026-over-hybrid-threats/",""
"EU May Stop Russia's ""shadow Fleet"" In The Baltic Sea","defaultdict(<class 'dict'>, {'viewport': 'width=device-width, initial-scale=1, maximum-scale=1, user-scalable=no', 'description': 'A blockade is being prepared.', 'fb': {'app_id': 162415770494925}, 'og': {'type': 'website', 'url': 'https://charter97.org/en/news/2025/10/4/658067/', 'title': 'EU May Stop Russia\'s ""shadow Fleet"" In The Baltic Sea', 'description': 'A blockade is being prepared.', 'image': {'identifier': 'https://i.c97.org/ai/532087/aux-head-1673619857-20230113_ermak_360.jpeg', 'width': 320, 'height': 270}}})","EU May Stop Russia's ""shadow Fleet"" In The Baltic Sea 2 4.10.2025, 10:414,444Andriy YermakA blockade is being prepared.The European Union is preparing legal grounds for stopping tankers of Russia's ""shadow fleet"" in the Baltic Sea.The head of the Office of the President of Ukraine Andriy Yermak said this in Telegram.""Our last year's sanctions proposals may be transformed into a decision,"" Yermak said.According to EUObserver, we are talking about at least 16 flagless vessels that could be detained under Article 110 of the UN Convention on the Law of the Sea.In the new, 19th package of sanctions, the EU plans to add another 120 oil tankers from Russia's shadow fleet, increasing its blacklist to 568 vessels. Some of them formally no longer call at EU ports, but continue to use the Baltic Sea for transportation.""Using the mechanism of international law and the readiness of NATO countries to enforce it is a key signal to the Kremlin: its attempts to circumvent sanctions are not working,"" the OP leader stressed.Ermak emphasized that it is necessary to limit Russia's capabilities faster. According to him, Moscow is already waging a hybrid war against Europe, and here the issue of speed plays a significant role.You can support the website Charter97.org MULTI-CURRENCY ACCOUNT FOR ASSISTANCE:Bank's name: Bank Millennium S.A.Address: ul. Stanislawa Zaryna, 2A, 02-593, WarszawaIBAN: PL97116022020000000216711123SWIFT: BIGBPLPWName of the account holder: Fundacja “KARTA ‘97”Purpose/title of payment: Donation for statuary aimsYou can contact us by the e-mail charter97@gmail.com","EU May Stop Russia's ""shadow Fleet"" In The Baltic Sea 2 4.10.2025, 10:414,444Andriy YermakA blockade is being prepared.
The European Union is preparing legal grounds for stopping tankers of Russia's ""shadow fleet"" in the Baltic Sea.
The head of the Office of the President of Ukraine Andriy Yermak said this in Telegram.
In the new, 19th package of sanctions, the EU plans to add another 120 oil tankers from Russia's shadow fleet, increasing its blacklist to 568 vessels.
Some of them formally no longer call at EU ports, but continue to use the Baltic Sea for transportation.","2025-10-04 00:00:00","['tankers', 'fleet', 'eu', 'sanctions', 'russias', 'baltic', 'stop', 'sea', 'yermak', 'vessels', 'shadow']","https://charter97.org/en/news/2025/10/4/658067/",""
"Israel to Strike Iran Soon? US Allies Fear New War, IRGC Boosts Air Defence, Missile Capabilities","defaultdict(<class 'dict'>, {'referrer': 'no-referrer-when-downgrade', 'viewport': 'width=device-width, initial-scale=1, maximum-scale=1, minimum-scale=1, user-scalable=no', 'keywords': 'world', 'description': 'While harsh international sanctions cripple Iran, there is fear among US allies in the', 'twitter': {'card': 'summary_large_image', 'site': '@worldnewsdotcom', 'title': 'Israel to Strike Iran Soon? US Allies Fear New War_ IRGC Boosts Air Defence_ Missile Capabilities|4K'}})","While harsh international sanctions cripple Iran, there is fear among US allies in the region that another round of Israeli airstrikes on the country could be imminent. US allies are concerned that the... read full story","While harsh international sanctions cripple Iran, there is fear among US allies in the region that another round of Israeli airstrikes on the country could be imminent.
US allies are concerned that the... read full story","2025-10-04 00:00:00","['defence', 'round', 'soon', 'international', 'imminent', 'israeli', 'fear', 'strike', 'missile', 'region', 'irgc', 'sanctions', 'capabilities', 'war', 'allies', 'iran', 'israel', 'read', 'harsh']","https://article.wn.com/view/2025/10/04/Israel_to_Strike_Iran_Soon_US_Allies_Fear_New_War_IRGC_Boost/",""
"South Africa coach disappointed by World Cup sanctions","defaultdict(<class 'dict'>, {'viewport': 'width=device-width, initial-scale=1.0', 'robots': 'index, follow, max-image-preview:large, max-snippet:-1, max-video-preview:-1', 'description': 'The Nation Newspaper South Africa coach disappointed by World Cup sanctions', 'og': {'locale': 'en_US', 'type': 'article', 'title': 'South Africa coach disappointed by World Cup sanctions - The Nation Newspaper', 'description': 'The Nation Newspaper South Africa coach disappointed by World Cup sanctions', 'url': 'https://thenationonlineng.net/south-africa-coach-disappointed-by-world-cup-sanctions/', 'site_name': 'The Nation Newspaper', 'image': {'identifier': 'https://cdn.thenationonlineng.net/wp-content/uploads/2024/05/31063953/Hugo-Broos.jpeg', 'width': 600, 'height': 400, 'type': 'image/jpeg'}}, 'article': {'publisher': 'https://www.facebook.com/thenationng/', 'published_time': '2025-10-04T01:27:20+00:00', 'modified_time': '2025-10-04T01:27:28+00:00'}, 'author': 'Our Reporter', 'twitter': {'card': 'summary_large_image', 'creator': '@TheNationNews', 'site': '@TheNationNews', 'label1': 'Written by', 'data1': 'Our Reporter', 'label2': 'Est. reading time', 'data2': '1 minute'}, 'generator': 'WordPress 6.5.3', 'msapplication-TileImage': 'https://cdn.thenationonlineng.net/wp-content/uploads/2021/10/12140214/cropped-nation-cropped-l-270x270.jpg'})","South Africa coach disappointed by World Cup sanctionsSouth Africa coach Hugo Broos has admitted his shock and disappointment after FIFA docked his team three points and three goals for fielding an ineligible player, while alleging that there was “a lot of lobbying behind the scenes” to get this decision.“I was down, I didn’t expect it (FIFA decision), certainly not the way it went,” Broos admitted.“How can you have three meetings of sanctions by FIFA and there was no mention of South Africa and a day after the last meeting we got a letter from FIFA saying the case has been reopened?“That was very strange.“That means that there was a lot of lobbying behind the scenes, that’s for sure.“We’re not happy to receive these sanctions, but in another way we did something that was not allowed and now we’re punished for it.”Broos also raised concerns that the fans are now doubting the chances of the country qualifying for next year’s World Cup.“People are now doubting us that we will not qualify any more. They believe Benin will win their remaining two matches. This is ridiculous. But I don’t think it will happen especially their last game – Nigeria vs Benin,” he said.“We have to focus on the games and we now have to go for two victories (vs Zimbabwe, Rwanda).”","South Africa coach disappointed by World Cup sanctionsSouth Africa coach Hugo Broos has admitted his shock and disappointment after FIFA docked his team three points and three goals for fielding an ineligible player, while alleging that there was “a lot of lobbying behind the scenes” to get this decision.
“I was down, I didn’t expect it (FIFA decision), certainly not the way it went,” Broos admitted.
“How can you have three meetings of sanctions by FIFA and there was no mention of South Africa and a day after the last meeting we got a letter from FIFA saying the case has been reopened?
“That means that there was a lot of lobbying behind the scenes, that’s for sure.
“We have to focus on the games and we now have to go for two victories (vs Zimbabwe, Rwanda).”","2025-10-04 01:27:20+00:00","['disappointed', 'lot', 'south', 'africa', 'fifa', 'sanctions', 'way', 'lobbying', 'vs', 'cup', 'coach', 'world', 'scenes']","https://thenationonlineng.net/south-africa-coach-disappointed-by-world-cup-sanctions/",""
"Lebanon: The Republic of Impunity *UPDATED*","defaultdict(<class 'dict'>, {'viewport': 'width=device-width, initial-scale=1.0', 'og': {'type': 'article', 'url': 'https://www.americanthinker.com/articles/2025/10/lebanon_the_republic_of_impunity.html', 'title': 'Lebanon: The Republic of Impunity *UPDATED*', 'description': 'The $14 million bail of Riad Salameh, Lebanon’s disgraced central banker, should have been a moment of reckoning. Instead, it proved what most Lebanese already knew: in Beirut, even justice is for sale. Bags of cash bought him freedom, while po...', 'image': {'identifier': 'https://images.americanthinker.com/oz/ozsncadsfdojyos9qk7v_800.jpg', 'alt': 'AI https://www.americanthinker.com/ https://www.americanthinker.com/'}}, 'fb': {'app_id': 1006646233035842}, 'twitter': {'card': 'summary', 'site': '@AmericanThinker', 'creator': '@AmericanThinker', 'data1': '2025-10-04', 'label1': 'Published on'}, 'photoCredit': 'AI', 'photoCreditURL': 'https://www.americanthinker.com/', 'article': {'published_time': '2025-10-04'}})","The $14 million bail of Riad Salameh, Lebanon’s disgraced central banker, should have been a moment of reckoning. Instead, it proved what most Lebanese already knew: in Beirut, even justice is for sale. Bags of cash bought him freedom, while politicians and judges bought themselves silence. The case exposes a judiciary not failing, but functioning exactly as designed—to shield the powerful, punish the weak, and keep Nabih Berri’s corrupt order intact.A governor in the dockSalameh was once feted in Paris and Washington as the miracle worker of Beirut. For three decades, he ran Banque du Liban, praised for stability in a country otherwise defined by chaos. But beneath the surface, he presided over a financial edifice that resembled a Ponzi scheme, keeping dollars flowing in while politicians drained them out. When the system collapsed in 2019, ordinary Lebanese were locked out of their deposits, while the politically connected spirited their fortunes abroad.Image created using AI.International patience eventually snapped. In August 2023, the U.S. Treasury sanctioned him under Executive Order 13441, accusing him of corrupt practices that “contributed to the breakdown of the rule of law in Lebanon.” Britain, Canada, and many in the EU quickly followed with their own sanctions. Lebanese prosecutors piled on charges of money-laundering, illicit enrichment, forgery, and criminal conspiracy.If convicted, Salameh faced years in prison. Bail was supposed to be a procedural guarantee—not a golden escape hatch.The puzzle of $14 millionInitially set at $20 million, Salameh’s bail was mysteriously reduced to $14 million. Even so, it remained the largest in Lebanese history. The shock was not just the number, but the method. Under sanctions, with frozen accounts and asset seizures, how could Salameh produce $14 million in hard currency?The answer played out in broad daylight. According to multiple reports, his lawyer, Mark Habka, arrived at the courthouse with bags of cash stacked high enough to buy his client’s freedom. Judges did not ask for proof of origin or legality. They simply nodded it through, laundering impunity in public view.The irony was brutal. Millions of Lebanese still queue for meagre withdrawals of $400 a month from frozen accounts. Yet their former central banker could, from his cell, marshal $14 million in cash. The contrast illustrated Lebanon’s two-tier system: impoverishment for the many, impunity for the few.For a man already prohibited from dealing in U.S. dollars to produce $14 million in cash for bail—what does that say about the credibility of U.S. sanctions enforcement in Lebanon? And why should those who facilitated this transaction—the lawyer who carried the bags, the judges who accepted them, and the political patrons who shielded it—not also be held responsible for potentially violating U.S. sanctions? For Washington, the message could not be clearer: Lebanon’s courts answer not to law, but to money and power.Following the moneyWhere did the money come from? Those familiar with Salameh’s methods point to the offshore labyrinth European prosecutors have been unraveling for years. Transfers through HSBC Private Bank Suisse, Panama, and BVI shell companies, and real-estate vehicles in Paris and Munich, all of which feature in files obtained by Swiss NGO Public Eye. Watchdogs have documented how Geneva bankers ignored red flags for over a decade. Lebanese banks, many tied to political families, are suspected of facilitating discreet transfers under the guise of “investment dealings.”The message was clear: the system that collapsed in 2019 still works—for those who built it.Prosecutors’ discretionAnd it’s here that the role of the judiciary comes into focus. Prosecutor General Judge Jamal al-Hajjar narrowed the case to a single embezzlement charge, precisely the one in which bail could be granted. More serious accusations of money-laundering and illicit enrichment, backed by international evidence, were left to languish.Selective justice is no accident. It reflects a calculation: pursue just enough to quiet public outrage, but never so much that elite privilege topples. Though a Sunni by confession, al-Hajjar clearly takes his cues from Nabih Berri’s Amal Movement — a reminder that sectarian labels often mask deeper loyalties of patronage.Under his watch, Berri’s Amal movement appointed judges are allowed wide latitude to operate unchecked. One example is Judge Zaher Hamadeh, once the Public Prosecutor at the Beirut Court of Appeal and now promoted as chief prosecutor in the South. He is notorious for abusing his office with partisan zeal for the Amal Movement.Enter Nabih BerriIf one man epitomizes Lebanon’s system, it is Nabih Berri, Speaker of Parliament for more than three decades. A warlord-turned-statesman, he has mastered the art of balancing sectarian spoils with political survival. Salameh has long been among his confidants.Berri’s fingerprints are all over the outcome in Salameh’s case","The $14 million bail of Riad Salameh, Lebanon’s disgraced central banker, should have been a moment of reckoning.
The puzzle of $14 millionInitially set at $20 million, Salameh’s bail was mysteriously reduced to $14 million.
The contrast illustrated Lebanon’s two-tier system: impoverishment for the many, impunity for the few.
Enter Nabih BerriIf one man epitomizes Lebanon’s system, it is Nabih Berri, Speaker of Parliament for more than three decades.
Salameh’s $14 million bail crystallizes that truth.","2025-10-04 00:00:00","['salameh', 'lebanese', 'lebanon', 'updated', 'system', 'nabih', 'lebanons', 'political', 'million', 'bail', 'republic', 'impunity', 'public']","https://www.americanthinker.com/articles/2025/10/lebanon_the_republic_of_impunity.html",""
"The China-Russia Axis Is Getting Firmer, and It’s Built on Gas","defaultdict(<class 'dict'>, {'viewport': 'width=device-width, initial-scale=1.0', 'wapoGroupsX': 'default', 'google-site-verification': '7Z5A6Xlt7BhqqooipJUtw0cu2IjSQ-_RnNbEA2c6pfc', 'facebook-domain-verification': 'mfvc1orqlhwi3yqdn555b9x0atd3ut', 'pocket-site-verification': '21de1071947281ccc893fa0bbfb1f6', 'apple-itunes-app': 'app-id=1034756405', 'robots': 'max-image-preview:large', 'bingbot': 'nocache', 'og': {'title': 'The China-Russia Axis Is Getting Firmer, and It’s Built on Gas', 'image': 'https://foreignpolicy.com/wp-content/uploads/2025/10/Russia-China-LNG-GettyImages-1295900027.jpg?w=1000', 'url': 'https://foreignpolicy.com/2025/10/03/the-china-russia-axis-is-getting-firmer-and-its-built-on-gas/', 'description': 'Moscow pivoted to the east a decade ago, but it is now besmitten—or captive.', 'site_name': 'Foreign Policy', 'updated_time': 1763042386, 'type': 'article'}, 'fb': {'app_id': 373958131177192}, 'twitter': {'card': 'summary_large_image', 'site': '@ForeignPolicy', 'title': 'The China-Russia Axis Is Getting Firmer, and It’s Built on Gas', 'description': 'Moscow pivoted to the east a decade ago, but it is now besmitten—or captive.', 'image': 'https://foreignpolicy.com/wp-content/uploads/2025/10/Russia-China-LNG-GettyImages-1295900027.jpg?w=1000', 'domain': 'foreignpolicy.com'}, 'article': {'author': 'Keith Johnson'}, 'author': 'Keith Johnson', 'section': 'Analysis', 'content_created': 1759495115, 'application-name': 'Foreign Policy', 'apple-mobile-web-app-title': 'Foreign Policy', 'theme-color': '#eb372e', 'msapplication-TileColor': '#eb372e', 'msapplication-navbutton-color': '#eb372e', 'apple-mobile-web-app-status-bar-style': '#eb372e', 'msapplication-TileImage': 'https://foreignpolicy.com/wp-content/uploads/2017/12/cropped-favicon-512_2017.png?w=270', 'generator': 'WordPress 6.8.3'})","The ramifications, not so much for energy markets but for international relations, could be quite significant—especially for China, a little less so for Russia, and certainly for the United States—as the “ no-limits ” friendship between Beijing and Moscow has now been lily-gilded and locked in for decades to come.An interesting thing happened late this summer: Russia and China dramatically deepened their energy relationship, less for economic reasons than for geopolitical ones.The ramifications, not so much for energy markets but for international relations, could be quite significant—especially for China, a little less so for Russia, and certainly for the United States—as the “no-limits” friendship between Beijing and Moscow has now been lily-gilded and locked in for decades to come.What China did, starting at the end of August, was simply receive deliveries of liquefied natural gas (LNG) from Russia at an obscure port. That, coupled with the announcement that Russia would greatly increase its pipeline exports of gas to China, including by the construction of the long-fabled but never actually finalized Power of Siberia 2 pipeline, indicate that the Russia-China axis is on a stronger footing than ever before and will be around for a while.The LNG shipments are controversial because they came from a Russian project—Arctic LNG 2—that has been so hobbled by U.S. sanctions that it had been unable to deliver a single molecule of gas since it was finished two years ago.U.S. President Donald Trump has chastised India for buying Russian energy. He has also tried and partially managed to browbeat Europe into giving up the habit. But China seems willing and able to offer a lifeline to Russian energy projects that have no other outlet. To date, at least seven tankers full of sanctioned Russian gas have arrived at a Chinese port that doesn’t even need the stuff. Analysts view the purchases as a trial balloon of U.S. willingness to enforce secondary sanctions on Russian energy exports, even if it means tangling with a powerful adversary.“China seems to have a get-out-of-jail-free card regarding U.S. Russia-related energy sanctions,” said Jack Herndon, of the Center for European Policy Analysis in Washington. “I think China thinks it has the upper hand because Trump wants a trade agreement, so they think they can get away with this for now.”“For now” is about all they are going to get in terms of Russian gas from the Arctic, because of winter and a lack of ice-class Russian LNG tankers. If the shipments become regular next spring, and especially if they land in more ports than the sacrificial lamb in the far south, that will be significant, said Michal Meidan, head of the China energy program at the Oxford Institute for Energy Studies. (Meidan, along with a co-author, wrote a stellar piece on the subject.)“That is the question. There have been no U.S. sanctions so far. The volumes of LNG are not huge, but they are starting to add up,” said Meidan, who noted that China’s overt defiance of U.S. threats of secondary sanctions contrasted with the country’s historically cautious approach to doing business with sanctioned regimes. Chinese imports of Iranian oil, for example, are often destined for “teapot” refineries that Beijing can disavow, or which are insulated from the global financial system and the pain of U.S. sanctions.Taken in conjunction with new pipeline plans that would lock in cheap natural gas for years to come, and priced in rubles and yuan at that, it seems like China is battening down the hatches.“It’s an optionality play. The Arctic LNG, and Power of Siberia 2 if it happens, that would take a chunk of China’s gas supplies and insulate them from global markets, global prices, and foreign currencies,” Meidan said.China has not bought any U.S. LNG since February because of the trade war, but its deeper ties with Russia should not be that big of an issue for an export industry that Trump hopes to turbocharge; according to his own trade framework with the European Union, every drop and more of U.S. LNG will have to make its way to Europe in any event.The impact is bigger for Moscow. The fact that Russia has finally found a buyer for some of its stranded LNG is a help, especially now that Europe is getting slightly more serious about weaning off its own purchases of Russian gas, and now that even Russia’s friends—such as Hungary—are taking steps to diversify their energy imports. It’s not clear if the limited volumes of Chinese purchases of Russian LNG will be enough to refloat Russia’s dream of riding seaborne gas exports into a new energy future, but consider the alternatives.The pipeline announcements, while anticipated for years, are also interesting. Russia will increase the amount of gas it sends to China through existing pipelines, especially Power of Siberia 1, a landmark energy tie-up that was Russia’s first big pivot east when it saw the European market start to falter. Of more significance would be the","What China did, starting at the end of August, was simply receive deliveries of liquefied natural gas (LNG) from Russia at an obscure port.
U.S. President Donald Trump has chastised India for buying Russian energy.
To date, at least seven tankers full of sanctioned Russian gas have arrived at a Chinese port that doesn’t even need the stuff.
One thing that is jarring about China’s new energy deals is that they threaten to trade energy diversification for energy dependence.
“It does feel like the Chinese have become more willing to commit to supporting Russia,” Meidan said.","2025-10-03 00:00:00","['getting', 'chinarussia', 'pipeline', 'energy', 'gas', 'siberia', 'russian', 'lng', 'firmer', 'china', 'axis', 'meidan', 'built', 'trade', 'russia']","https://foreignpolicy.com/2025/10/03/the-china-russia-axis-is-getting-firmer-and-its-built-on-gas/?tpcc=recirc_trending062921",""
"Iran executes 6 death-row inmates it alleges carried out attacks on behalf of Israel","defaultdict(<class 'dict'>, {'msapplication-tap-highlight': 'no', 'theme-color': '#2c2c2c', 'og': {'type': 'article', 'url': 'https://www.wcvb.com/article/iran-executes-6-death-row-inmates-it-alleges-carried-out-attacks-on-behalf-of-israel/68821823', 'site_name': 'WCVB', 'title': 'Iran executes 6 death-row inmates it alleges carried out attacks on behalf of Israel', 'description': 'Iran has executed six inmates accused of carrying out attacks in the oil-rich southwest on behalf of Israel. Activists warn that Iran often relies on coerced confessions and closed-door trials, especially in cases involving Israel.', 'image': {'identifier': 'https://kubrick.htvapps.com/htv-prod-media.s3.amazonaws.com/images/gettyimages-1743104649-68e0e32128424.jpg?crop=1.00xw:0.846xh;0,0.0817xh&resize=1200:*', 'width': 1200, 'height': 800}}, 'x-ua-compatible': 'IE=edge,chrome=1', 'viewport': 'width=device-width,initial-scale=1,maximum-scale=5', 'twitter': {'url': 'https://www.wcvb.com/article/iran-executes-6-death-row-inmates-it-alleges-carried-out-attacks-on-behalf-of-israel/68821823', 'site': '@WCVB', 'app': {'name': {'iphone': 'wcvb', 'ipad': 'wcvb'}, 'id': {'iphone': 501410335, 'ipad': 501410335, 'googleplay': 'com.hearst.android.wcvb'}, 'url': {'iphone': 'wcvb://content/68821823', 'ipad': 'wcvb://content/68821823', 'googleplay': 'wcvb://content/68821823'}}, 'image': {'identifier': 'https://kubrick.htvapps.com/htv-prod-media.s3.amazonaws.com/images/gettyimages-1743104649-68e0e32128424.jpg?crop=1.00xw:0.846xh;0,0.0817xh&resize=640:*', 'alt': 'Iran and Israel flags together. Iran and Israel conflict.'}, 'card': 'summary_large_image', 'title': 'Iran executes 6 death-row inmates it alleges carried out attacks on behalf of Israel', 'description': 'Iran has executed six inmates accused of carrying out attacks in the oil-rich southwest on behalf of Israel. Activists warn that Iran often relies on coerced confessions and closed-door trials, especially in cases involving Israel.'}, 'fb': {'app_id': 100462519708}, 'article': {'publisher': 'https://www.facebook.com/wcvb5', 'modified_time': '2025-10-04T09:18:21.630299Z', 'opinion': 'false', 'published_time': '2025-10-04T09:08:00Z', 'section': 'News', 'subsection': 'National News', 'rights': 'wcvb'}, 'google-site-verification': 'gLxyA9Q__wnLqQOD4lk64qrHIKBClDDVTUBDhVYqZ6w', 'apple-itunes-app': 'app-id=501410335, affiliate-data=1001lpD, app-argument=canonical', 'msvalidate.01': 'A645064CC349FEE2894B433087AB1839', 'title': 'Iran executes 6 death-row inmates it alleges carried out bombings', 'description': 'Iran has executed six inmates accused of carrying out attacks in the oil-rich southwest on behalf of Israel.', 'keywords': 'Iran, Israel, allegations, attacks, closed-door trials, coerced confessions, death row, executes, executions, inmates, oil, on behalf of, southwest Iran, tensions, mmnd,iran,man,execution,attack,protest,israel,death,human rights,death-row inmate,oil-rich southwest,country,wave,june,behalf,confession', 'news_keywords': 'Iran, Israel, allegations, attacks, closed-door trials, coerced confessions, death row, executes, executions, inmates, oil, on behalf of, southwest Iran, tensions, mmnd,iran,man,execution,attack,protest,israel,death,human rights,death-row inmate,oil-rich southwest,country,wave,june,behalf,confession', 'sailthru.contentid': 68821823, 'auto-publish': 'timely', 'vf': {'url': 'https://www.wcvb.com/article/iran-executes-6-death-row-inmates-it-alleges-carried-out-attacks-on-behalf-of-israel/68821823'}, 'sailthru.image.full': 'https://kubrick.htvapps.com/htv-prod-media.s3.amazonaws.com/images/gettyimages-1743104649-68e0e32128424.jpg?crop=1.00xw:0.846xh;0,0.0817xh&resize=300:*', 'sailthru.image.thumb': 'https://kubrick.htvapps.com/htv-prod-media.s3.amazonaws.com/images/gettyimages-1743104649-68e0e32128424.jpg?crop=1.00xw:0.846xh;0,0.0817xh&resize=50:50', 'date': '2025-10-04T09:08:00Z', 'datepublished': '2025-10-04T09:08:00Z', 'datemodified': '2025-10-04T09:18:21.630299Z', 'category': 'National News', 'sailthru.tags': 'news,national-news', 'parsely-link': 'https://www.wdsu.com/article/iran-executes-6-death-row-inmates-it-alleges-carried-out-attacks-on-behalf-of-israel/68821823'})","Iran's foreign minister has held *** telephone call with his counterparts in Germany, France, and the United Kingdom over their threat to potentially snap back sanctions on Iran over its nuclear program. Now the snap back mechanism is part of Tehran's 2015 nuclear deal it struck with world powers that saw Tehran limit its enrichment of uranium. In exchange for the lifting of economic sanctions now in the deal, there was *** part of it that said that any of those members of the deal could go and declare Iran in noncompliance with it, setting forth the clock that ultimately would snap back those UN sanctions. Now Iran contends that these European nations can't do that. They point to the fact. America unilaterally withdrew from the deal in 2018, setting up years of tensions over the program that saw Iran up its enrichment to about 60% purity, *** short step away from weapons grade levels. That enrichment and other issues saw Israel launch its unprecedented 12 day war on Iran back in June. Now as of right now, the European nations and Iran are both saying that there will be another round of talks next week, but the clock is ticking. The Europeans had said if Iran doesn't reach an agreement by the end of the month, that it will start the snapback process, and that could mean more pressure on Iran's ailing economy.Advertisement Iran executes 6 death-row inmates it alleges carried out attacks on behalf of Israel The executions follow a 12-day Iran-Israel war in June Editorial Standards ⓘIran executed six death-row inmates on Saturday, whom it alleged carried out attacks in the country's oil-rich southwest on behalf of Israel, the latest prisoners to be put to death in a wave of executions believed to be the highest in decades.Related video above: Iran confers with European nations on its nuclear program as sanctions deadline nears (08/24/25)The executions follow the 12-day Iran-Israel war in June, which ended with Tehran vowing it would target its enemies at home and abroad. However, activists warn Iran often relies on coerced confessions and closed-door trials in its death penalty cases, particularly those involving Israel.Iran said the men killed police officers and security forces, as well as orchestrated bombings targeting sites around Khorramshahr in Iran's restive Khuzestan province. Iranian state television aired footage of one of the men talking about the attacks, saying it was the first time the details were being made public.A Kurdish group called the Hengaw Organization for Human Rights reported the men's execution, identifying them all as ""Arab political prisoners"" detained during protests in 2019. It said Iran had accused the men of having links to the Arab Struggle Movement for the Liberation of Ahvaz, which has launched attacks against oil pipelines in Iran's southwest in the past and other attacks.""The six men were subjected to severe torture and coerced into giving televised 'confessions' under duress,"" Hengaw said.The Arab population of Khuzestan has long complained of discrimination by Iran's central government. The region also has been roiled like other parts of Iran in the waves of nationwide protests the country has seen in recent years.Iran separately put to death another inmate Saturday, it accused of killing a Sunni cleric in 2009 in Iran's Kurdistan province, among other crimes.In response to those protests and the June war, Iran has been putting prisoners to death at a pace unseen since 1988, when it executed thousands at the end of the Iran-Iraq war.The Oslo-based group Iran Human Rights and the Washington-based Abdorrahman Boroumand Center for Human Rights in Iran put the number of people executed in 2025 at over 1,000, noting the figure could be higher as Iran does not report on each execution.Independent human rights experts at the United Nations have also criticized Iran's executions.Associated Press writer Amir Vahdat in Tehran, Iran, contributed to this report.","Iran's foreign minister has held *** telephone call with his counterparts in Germany, France, and the United Kingdom over their threat to potentially snap back sanctions on Iran over its nuclear program.
Now the snap back mechanism is part of Tehran's 2015 nuclear deal it struck with world powers that saw Tehran limit its enrichment of uranium.
Now Iran contends that these European nations can't do that.
That enrichment and other issues saw Israel launch its unprecedented 12 day war on Iran back in June.
Now as of right now, the European nations and Iran are both saying that there will be another round of talks next week, but the clock is ticking.","2025-10-04 09:08:00+00:00","['irans', 'iran', 'human', 'attacks', 'rights', 'israel', 'alleges', 'sanctions', 'carried', 'deathrow', 'inmates', 'men', 'death', 'war', 'executes', 'nations', 'behalf', 'deal']","https://www.wcvb.com/article/iran-executes-6-death-row-inmates-it-alleges-carried-out-attacks-on-behalf-of-israel/68821823",""
"China and 27 countries oppose unilateral coercive measures at UN","defaultdict(<class 'dict'>, {'og': {'xi': 0, 'title': 'China and 27 countries oppose unilateral coercive measures at UN', 'recommend': 0, 'url': 'https://www.chinadaily.com.cn/a/202510/04/WS68e08115a310f735438b3811.html', 'image': 'http://img2.chinadaily.com.cn/images/202510/04/68e0c5b2a310f735017e5400.jpeg'}, 'twitter': {'card': 'summary_large_image', 'site': '@ChinaDailyApp', 'title': 'China and 27 countries oppose unilateral coercive measures at UN', 'image': 'http://img2.chinadaily.com.cn/images/202510/04/68e0c5b2a310f735017e5402.jpeg'}, 'shareImg': '//img2.chinadaily.com.cn/images/202510/04/68e0c5b2a310f735017e5400.jpeg', 'msapplication-TileImage': 'https://img2.chinadaily.com.cn/static/common/img/sharelogo2.jpg', 'viewport': 'width=device-width, initial-scale=1.0, minimum-scale=1.0, maximum-scale=1.0, user-scalable=no', 'articaltype': 'COMPO', 'filetype': 1, 'publishedtype': 1, 'pagetype': 1, 'catalogs': '59b8d011a3108c54ed7dfc50', 'contentid': 'WS68e08115a310f735438b3811', 'publishdate': '2025-10-04', 'editor': '关晓萌', 'author': '关晓萌', 'source': 'chinadaily.com.cn', 'webterren_speical': 'spcd', 'sourcetype': 'spcd'})","China, on behalf of a cross-regional group of 28 member states, on Friday delivered a joint statement at the Third Committee of the 80th Session of the UN General Assembly, calling for the immediate and complete removal of unilateral coercive measures (UCMs).The statement, delivered on behalf of countries including Belarus, Cambodia, Central African Republic, Cuba, Egypt, Ethiopia, Iran, Pakistan and Russia, warned that UCMs have become a major source of instability and disorder in the international system.""As the United Nations marks its 80th anniversary, the international community must remain clear-headed, strengthen unity and cooperation, and firmly curb and stop such unlawful practices,"" said Fu Cong, China's permanent representative to the United Nations.Fu stressed that developing countries and their populations continue to fall victim to unilateral coercive measures, ""which violate the principle of sovereign equality and cooperation, interfere in other countries' internal affairs, disregard the UN Charter and undermine the foundation of multilateralism and international rule of law"".Fu stated that unilateral sanctions severely hinder countries’ ability to achieve the 2030 Agenda for Sustainable Development.""Despite the global call to urgently lift UCMs, the imposition of these illegal measures continue to cause devastating, sometimes even life-threatening consequences, to targeted countries and their peoples,"" Fu added.""UCMs, coupled with secondary sanctions and over-compliance, exacerbate existing humanitarian and economic challenges, gravely affect the stability of the global production and supply chains, as well as food, energy and financial security, and seriously undermine the world economic order and the efforts of the countries concerned to achieve Sustainable Development Goals (SDGs),"" said Fu.Fu emphasized that UCMs ""violate fundamental human rights, including the rights to life, health, education and development"".The UN Special Rapporteur on the negative impact of unilateral coercive measures has repeatedly reported that such sanctions have led to shortages of essential health care services, medicines and energy supplies, disproportionately harming vulnerable groups such as women, children and the elderly, said Fu.Fu also expressed concern that unilateral coercive measures and over-compliance have limited affected countries’ access to investment, technology, international exchanges in culture, sports, travel, people-to-people exchanges, and transport, including civil aviation.The statement welcomed the 2025 Ministerial Declaration of the Group of 77 and China, which reaffirmed that coercive economic measures against developing countries do not contribute to peace, development or dialogue among nations.The 28 countries urged ""certain western states"" to ""heed the just calls of the international community, honor their commitments to the UN Charter and international law, and immediately, unconditionally and completely lift all unilateral coercive measures.""In a separate speech delivered during the general debate of the Third Committee, Fu also outlined China’s proposals, including the Global Development Initiative, Global Security Initiative, Global Civilization Initiative and Global Governance Initiative. He stated these proposals ""reflect the universal aspirations for peace, justice and progress"" and ""offer Chinese wisdom and solutions for strengthening and improving global governance.""Looking ahead, Fu said China will continue to promote women’s empowerment, eliminate discrimination, and support the just cause of the Palestinian people in restoring their legitimate national rights.China is committed to working with all parties to address global challenges such as terrorism, climate change, refugees, food security, and the governance of emerging fields like digital technology and artificial intelligence, said Fu.""China will always remain a force for peace, stability and progress in the world,"" Fu said, adding that China stands ready to work with all countries to uphold the UN’s authority, strengthen solidarity and cooperation, safeguard fairness and justice, and build a world of prosperity and well-being for all.","China, on behalf of a cross-regional group of 28 member states, on Friday delivered a joint statement at the Third Committee of the 80th Session of the UN General Assembly, calling for the immediate and complete removal of unilateral coercive measures (UCMs).
Fu stated that unilateral sanctions severely hinder countries’ ability to achieve the 2030 Agenda for Sustainable Development.
Fu also expressed concern that unilateral coercive measures and over-compliance have limited affected countries’ access to investment, technology, international exchanges in culture, sports, travel, people-to-people exchanges, and transport, including civil aviation.
The 28 countries urged ""certain western states"" to ""heed the just calls of the international community, honor their commitments to the UN Charter and international law, and immediately, unconditionally and completely lift all unilateral coercive measures.""
In a separate speech delivered during the general debate of the Third Committee, Fu also outlined China’s proposals, including the Global Development Initiative, Global Security Initiative, Global Civilization Initiative and Global Governance Initiative.","2025-10-04 00:00:00","['27', 'coercive', 'including', 'global', 'countries', 'measures', 'initiative', 'fu', 'china', 'international', 'oppose', 'unilateral']","http://europe.chinadaily.com.cn/a/202510/04/WS68e08115a310f735438b3811.html",""
"China and 27 countries oppose unilateral coercive measures at UN","defaultdict(<class 'dict'>, {'og': {'xi': 0, 'title': 'China and 27 countries oppose unilateral coercive measures at UN', 'recommend': 0, 'url': 'https://www.chinadaily.com.cn/a/202510/04/WS68e08115a310f735438b3811.html', 'image': 'http://img2.chinadaily.com.cn/images/202510/04/68e0c5b2a310f735017e5400.jpeg'}, 'twitter': {'card': 'summary_large_image', 'site': '@ChinaDailyApp', 'title': 'China and 27 countries oppose unilateral coercive measures at UN', 'image': 'http://img2.chinadaily.com.cn/images/202510/04/68e0c5b2a310f735017e5402.jpeg'}, 'shareImg': '//img2.chinadaily.com.cn/images/202510/04/68e0c5b2a310f735017e5400.jpeg', 'msapplication-TileImage': 'https://img2.chinadaily.com.cn/static/common/img/sharelogo2.jpg', 'viewport': 'width=device-width, initial-scale=1.0, minimum-scale=1.0, maximum-scale=1.0, user-scalable=no', 'articaltype': 'COMPO', 'filetype': 1, 'publishedtype': 1, 'pagetype': 1, 'catalogs': '59b8d011a3108c54ed7dfc50', 'contentid': 'WS68e08115a310f735438b3811', 'publishdate': '2025-10-04', 'editor': '关晓萌', 'author': '关晓萌', 'source': 'chinadaily.com.cn', 'webterren_speical': 'spcd', 'sourcetype': 'spcd'})","China, on behalf of a cross-regional group of 28 member states, on Friday delivered a joint statement at the Third Committee of the 80th Session of the UN General Assembly, calling for the immediate and complete removal of unilateral coercive measures (UCMs).The statement, delivered on behalf of countries including Belarus, Cambodia, Central African Republic, Cuba, Egypt, Ethiopia, Iran, Pakistan and Russia, warned that UCMs have become a major source of instability and disorder in the international system.""As the United Nations marks its 80th anniversary, the international community must remain clear-headed, strengthen unity and cooperation, and firmly curb and stop such unlawful practices,"" said Fu Cong, China's permanent representative to the United Nations.Fu stressed that developing countries and their populations continue to fall victim to unilateral coercive measures, ""which violate the principle of sovereign equality and cooperation, interfere in other countries' internal affairs, disregard the UN Charter and undermine the foundation of multilateralism and international rule of law"".Fu stated that unilateral sanctions severely hinder countries’ ability to achieve the 2030 Agenda for Sustainable Development.""Despite the global call to urgently lift UCMs, the imposition of these illegal measures continue to cause devastating, sometimes even life-threatening consequences, to targeted countries and their peoples,"" Fu added.""UCMs, coupled with secondary sanctions and over-compliance, exacerbate existing humanitarian and economic challenges, gravely affect the stability of the global production and supply chains, as well as food, energy and financial security, and seriously undermine the world economic order and the efforts of the countries concerned to achieve Sustainable Development Goals (SDGs),"" said Fu.Fu emphasized that UCMs ""violate fundamental human rights, including the rights to life, health, education and development"".The UN Special Rapporteur on the negative impact of unilateral coercive measures has repeatedly reported that such sanctions have led to shortages of essential health care services, medicines and energy supplies, disproportionately harming vulnerable groups such as women, children and the elderly, said Fu.Fu also expressed concern that unilateral coercive measures and over-compliance have limited affected countries’ access to investment, technology, international exchanges in culture, sports, travel, people-to-people exchanges, and transport, including civil aviation.The statement welcomed the 2025 Ministerial Declaration of the Group of 77 and China, which reaffirmed that coercive economic measures against developing countries do not contribute to peace, development or dialogue among nations.The 28 countries urged ""certain western states"" to ""heed the just calls of the international community, honor their commitments to the UN Charter and international law, and immediately, unconditionally and completely lift all unilateral coercive measures.""In a separate speech delivered during the general debate of the Third Committee, Fu also outlined China’s proposals, including the Global Development Initiative, Global Security Initiative, Global Civilization Initiative and Global Governance Initiative. He stated these proposals ""reflect the universal aspirations for peace, justice and progress"" and ""offer Chinese wisdom and solutions for strengthening and improving global governance.""Looking ahead, Fu said China will continue to promote women’s empowerment, eliminate discrimination, and support the just cause of the Palestinian people in restoring their legitimate national rights.China is committed to working with all parties to address global challenges such as terrorism, climate change, refugees, food security, and the governance of emerging fields like digital technology and artificial intelligence, said Fu.""China will always remain a force for peace, stability and progress in the world,"" Fu said, adding that China stands ready to work with all countries to uphold the UN’s authority, strengthen solidarity and cooperation, safeguard fairness and justice, and build a world of prosperity and well-being for all.","China, on behalf of a cross-regional group of 28 member states, on Friday delivered a joint statement at the Third Committee of the 80th Session of the UN General Assembly, calling for the immediate and complete removal of unilateral coercive measures (UCMs).
Fu stated that unilateral sanctions severely hinder countries’ ability to achieve the 2030 Agenda for Sustainable Development.
Fu also expressed concern that unilateral coercive measures and over-compliance have limited affected countries’ access to investment, technology, international exchanges in culture, sports, travel, people-to-people exchanges, and transport, including civil aviation.
The 28 countries urged ""certain western states"" to ""heed the just calls of the international community, honor their commitments to the UN Charter and international law, and immediately, unconditionally and completely lift all unilateral coercive measures.""
In a separate speech delivered during the general debate of the Third Committee, Fu also outlined China’s proposals, including the Global Development Initiative, Global Security Initiative, Global Civilization Initiative and Global Governance Initiative.","2025-10-04 00:00:00","['27', 'coercive', 'including', 'global', 'countries', 'measures', 'initiative', 'fu', 'china', 'international', 'oppose', 'unilateral']","http://usa.chinadaily.com.cn/a/202510/04/WS68e08115a310f735438b3811.html",""
"China and 27 countries oppose unilateral coercive measures at UN","defaultdict(<class 'dict'>, {'og': {'xi': 0, 'title': 'China and 27 countries oppose unilateral coercive measures at UN', 'recommend': 0, 'url': 'https://www.chinadaily.com.cn/a/202510/04/WS68e08115a310f735438b3811.html', 'image': 'http://img2.chinadaily.com.cn/images/202510/04/68e0c5b2a310f735017e5400.jpeg'}, 'twitter': {'card': 'summary_large_image', 'site': '@ChinaDailyApp', 'title': 'China and 27 countries oppose unilateral coercive measures at UN', 'image': 'http://img2.chinadaily.com.cn/images/202510/04/68e0c5b2a310f735017e5402.jpeg'}, 'shareImg': '//img2.chinadaily.com.cn/images/202510/04/68e0c5b2a310f735017e5400.jpeg', 'msapplication-TileImage': 'https://img2.chinadaily.com.cn/static/common/img/sharelogo2.jpg', 'viewport': 'width=device-width, initial-scale=1.0, minimum-scale=1.0, maximum-scale=1.0, user-scalable=no', 'articaltype': 'COMPO', 'filetype': 1, 'publishedtype': 1, 'pagetype': 1, 'catalogs': '59b8d011a3108c54ed7dfc50', 'contentid': 'WS68e08115a310f735438b3811', 'publishdate': '2025-10-04', 'editor': '关晓萌', 'author': '关晓萌', 'source': 'chinadaily.com.cn', 'webterren_speical': 'spcd', 'sourcetype': 'spcd'})","China, on behalf of a cross-regional group of 28 member states, on Friday delivered a joint statement at the Third Committee of the 80th Session of the UN General Assembly, calling for the immediate and complete removal of unilateral coercive measures (UCMs).The statement, delivered on behalf of countries including Belarus, Cambodia, Central African Republic, Cuba, Egypt, Ethiopia, Iran, Pakistan and Russia, warned that UCMs have become a major source of instability and disorder in the international system.""As the United Nations marks its 80th anniversary, the international community must remain clear-headed, strengthen unity and cooperation, and firmly curb and stop such unlawful practices,"" said Fu Cong, China's permanent representative to the United Nations.Fu stressed that developing countries and their populations continue to fall victim to unilateral coercive measures, ""which violate the principle of sovereign equality and cooperation, interfere in other countries' internal affairs, disregard the UN Charter and undermine the foundation of multilateralism and international rule of law"".Fu stated that unilateral sanctions severely hinder countries’ ability to achieve the 2030 Agenda for Sustainable Development.""Despite the global call to urgently lift UCMs, the imposition of these illegal measures continue to cause devastating, sometimes even life-threatening consequences, to targeted countries and their peoples,"" Fu added.""UCMs, coupled with secondary sanctions and over-compliance, exacerbate existing humanitarian and economic challenges, gravely affect the stability of the global production and supply chains, as well as food, energy and financial security, and seriously undermine the world economic order and the efforts of the countries concerned to achieve Sustainable Development Goals (SDGs),"" said Fu.Fu emphasized that UCMs ""violate fundamental human rights, including the rights to life, health, education and development"".The UN Special Rapporteur on the negative impact of unilateral coercive measures has repeatedly reported that such sanctions have led to shortages of essential health care services, medicines and energy supplies, disproportionately harming vulnerable groups such as women, children and the elderly, said Fu.Fu also expressed concern that unilateral coercive measures and over-compliance have limited affected countries’ access to investment, technology, international exchanges in culture, sports, travel, people-to-people exchanges, and transport, including civil aviation.The statement welcomed the 2025 Ministerial Declaration of the Group of 77 and China, which reaffirmed that coercive economic measures against developing countries do not contribute to peace, development or dialogue among nations.The 28 countries urged ""certain western states"" to ""heed the just calls of the international community, honor their commitments to the UN Charter and international law, and immediately, unconditionally and completely lift all unilateral coercive measures.""In a separate speech delivered during the general debate of the Third Committee, Fu also outlined China’s proposals, including the Global Development Initiative, Global Security Initiative, Global Civilization Initiative and Global Governance Initiative. He stated these proposals ""reflect the universal aspirations for peace, justice and progress"" and ""offer Chinese wisdom and solutions for strengthening and improving global governance.""Looking ahead, Fu said China will continue to promote women’s empowerment, eliminate discrimination, and support the just cause of the Palestinian people in restoring their legitimate national rights.China is committed to working with all parties to address global challenges such as terrorism, climate change, refugees, food security, and the governance of emerging fields like digital technology and artificial intelligence, said Fu.""China will always remain a force for peace, stability and progress in the world,"" Fu said, adding that China stands ready to work with all countries to uphold the UN’s authority, strengthen solidarity and cooperation, safeguard fairness and justice, and build a world of prosperity and well-being for all.","China, on behalf of a cross-regional group of 28 member states, on Friday delivered a joint statement at the Third Committee of the 80th Session of the UN General Assembly, calling for the immediate and complete removal of unilateral coercive measures (UCMs).
Fu stated that unilateral sanctions severely hinder countries’ ability to achieve the 2030 Agenda for Sustainable Development.
Fu also expressed concern that unilateral coercive measures and over-compliance have limited affected countries’ access to investment, technology, international exchanges in culture, sports, travel, people-to-people exchanges, and transport, including civil aviation.
The 28 countries urged ""certain western states"" to ""heed the just calls of the international community, honor their commitments to the UN Charter and international law, and immediately, unconditionally and completely lift all unilateral coercive measures.""
In a separate speech delivered during the general debate of the Third Committee, Fu also outlined China’s proposals, including the Global Development Initiative, Global Security Initiative, Global Civilization Initiative and Global Governance Initiative.","2025-10-04 00:00:00","['27', 'coercive', 'including', 'global', 'countries', 'measures', 'initiative', 'fu', 'china', 'international', 'oppose', 'unilateral']","http://africa.chinadaily.com.cn/a/202510/04/WS68e08115a310f735438b3811.html",""
"Iran executes 6 death-row inmates it alleges carried out attacks on behalf of Israel","defaultdict(<class 'dict'>, {'msapplication-tap-highlight': 'no', 'theme-color': '#2c2c2c', 'og': {'type': 'article', 'url': 'https://www.wtae.com/article/iran-executes-6-death-row-inmates-it-alleges-carried-out-attacks-on-behalf-of-israel/68821823', 'site_name': 'WTAE', 'title': 'Iran executes 6 death-row inmates it alleges carried out attacks on behalf of Israel', 'description': 'Iran has executed six inmates accused of carrying out attacks in the oil-rich southwest on behalf of Israel. Activists warn that Iran often relies on coerced confessions and closed-door trials, especially in cases involving Israel.', 'image': {'identifier': 'https://kubrick.htvapps.com/htv-prod-media.s3.amazonaws.com/images/gettyimages-1743104649-68e0e32128424.jpg?crop=1.00xw:0.846xh;0,0.0817xh&resize=1200:*', 'width': 1200, 'height': 800}}, 'x-ua-compatible': 'IE=edge,chrome=1', 'viewport': 'width=device-width,initial-scale=1,maximum-scale=5', 'twitter': {'url': 'https://www.wtae.com/article/iran-executes-6-death-row-inmates-it-alleges-carried-out-attacks-on-behalf-of-israel/68821823', 'site': '@WTAE', 'app': {'name': {'iphone': 'wtae', 'ipad': 'wtae'}, 'id': {'iphone': 506053781, 'ipad': 506053781, 'googleplay': 'com.hearst.android.wtae'}, 'url': {'iphone': 'wtae://content/68821823', 'ipad': 'wtae://content/68821823', 'googleplay': 'wtae://content/68821823'}}, 'image': {'identifier': 'https://kubrick.htvapps.com/htv-prod-media.s3.amazonaws.com/images/gettyimages-1743104649-68e0e32128424.jpg?crop=1.00xw:0.846xh;0,0.0817xh&resize=640:*', 'alt': 'Iran and Israel flags together. Iran and Israel conflict.'}, 'card': 'summary_large_image', 'title': 'Iran executes 6 death-row inmates it alleges carried out attacks on behalf of Israel', 'description': 'Iran has executed six inmates accused of carrying out attacks in the oil-rich southwest on behalf of Israel. Activists warn that Iran often relies on coerced confessions and closed-door trials, especially in cases involving Israel.'}, 'fb': {'app_id': 103664079013}, 'article': {'publisher': 'https://www.facebook.com/wtae4', 'modified_time': '2025-10-04T09:18:21.630299Z', 'opinion': 'false', 'published_time': '2025-10-04T09:08:00Z', 'section': 'News', 'subsection': 'National News', 'rights': 'wtae'}, 'google-site-verification': '3O5oOvzo24kRnvoRiESLXcY7lZMVPBCnYgj95OOULt4', 'apple-itunes-app': 'app-id=506053781, affiliate-data=1000lpE, app-argument=canonical', 'msvalidate.01': 'A645064CC349FEE2894B433087AB1839', 'title': 'Iran executes 6 death-row inmates it alleges carried out bombings', 'description': 'Iran has executed six inmates accused of carrying out attacks in the oil-rich southwest on behalf of Israel.', 'keywords': 'Iran, Israel, allegations, attacks, closed-door trials, coerced confessions, death row, executes, executions, inmates, oil, on behalf of, southwest Iran, tensions, mmnd,iran,man,execution,attack,protest,israel,death,human rights,death-row inmate,oil-rich southwest,country,wave,june,behalf,confession', 'news_keywords': 'Iran, Israel, allegations, attacks, closed-door trials, coerced confessions, death row, executes, executions, inmates, oil, on behalf of, southwest Iran, tensions, mmnd,iran,man,execution,attack,protest,israel,death,human rights,death-row inmate,oil-rich southwest,country,wave,june,behalf,confession', 'sailthru.contentid': 68821823, 'auto-publish': 'timely', 'vf': {'url': 'https://www.wtae.com/article/iran-executes-6-death-row-inmates-it-alleges-carried-out-attacks-on-behalf-of-israel/68821823'}, 'sailthru.image.full': 'https://kubrick.htvapps.com/htv-prod-media.s3.amazonaws.com/images/gettyimages-1743104649-68e0e32128424.jpg?crop=1.00xw:0.846xh;0,0.0817xh&resize=300:*', 'sailthru.image.thumb': 'https://kubrick.htvapps.com/htv-prod-media.s3.amazonaws.com/images/gettyimages-1743104649-68e0e32128424.jpg?crop=1.00xw:0.846xh;0,0.0817xh&resize=50:50', 'date': '2025-10-04T09:08:00Z', 'datepublished': '2025-10-04T09:08:00Z', 'datemodified': '2025-10-04T09:18:21.630299Z', 'category': 'National News', 'sailthru.tags': 'news,national-news', 'parsely-link': 'https://www.wdsu.com/article/iran-executes-6-death-row-inmates-it-alleges-carried-out-attacks-on-behalf-of-israel/68821823'})","Iran's foreign minister has held *** telephone call with his counterparts in Germany, France, and the United Kingdom over their threat to potentially snap back sanctions on Iran over its nuclear program. Now the snap back mechanism is part of Tehran's 2015 nuclear deal it struck with world powers that saw Tehran limit its enrichment of uranium. In exchange for the lifting of economic sanctions now in the deal, there was *** part of it that said that any of those members of the deal could go and declare Iran in noncompliance with it, setting forth the clock that ultimately would snap back those UN sanctions. Now Iran contends that these European nations can't do that. They point to the fact. America unilaterally withdrew from the deal in 2018, setting up years of tensions over the program that saw Iran up its enrichment to about 60% purity, *** short step away from weapons grade levels. That enrichment and other issues saw Israel launch its unprecedented 12 day war on Iran back in June. Now as of right now, the European nations and Iran are both saying that there will be another round of talks next week, but the clock is ticking. The Europeans had said if Iran doesn't reach an agreement by the end of the month, that it will start the snapback process, and that could mean more pressure on Iran's ailing economy.Advertisement Iran executes 6 death-row inmates it alleges carried out attacks on behalf of Israel The executions follow a 12-day Iran-Israel war in June Editorial Standards ⓘIran executed six death-row inmates on Saturday, whom it alleged carried out attacks in the country's oil-rich southwest on behalf of Israel, the latest prisoners to be put to death in a wave of executions believed to be the highest in decades.Related video above: Iran confers with European nations on its nuclear program as sanctions deadline nears (08/24/25)The executions follow the 12-day Iran-Israel war in June, which ended with Tehran vowing it would target its enemies at home and abroad. However, activists warn Iran often relies on coerced confessions and closed-door trials in its death penalty cases, particularly those involving Israel.Iran said the men killed police officers and security forces, as well as orchestrated bombings targeting sites around Khorramshahr in Iran's restive Khuzestan province. Iranian state television aired footage of one of the men talking about the attacks, saying it was the first time the details were being made public.A Kurdish group called the Hengaw Organization for Human Rights reported the men's execution, identifying them all as ""Arab political prisoners"" detained during protests in 2019. It said Iran had accused the men of having links to the Arab Struggle Movement for the Liberation of Ahvaz, which has launched attacks against oil pipelines in Iran's southwest in the past and other attacks.""The six men were subjected to severe torture and coerced into giving televised 'confessions' under duress,"" Hengaw said.The Arab population of Khuzestan has long complained of discrimination by Iran's central government. The region also has been roiled like other parts of Iran in the waves of nationwide protests the country has seen in recent years.Iran separately put to death another inmate Saturday, it accused of killing a Sunni cleric in 2009 in Iran's Kurdistan province, among other crimes.In response to those protests and the June war, Iran has been putting prisoners to death at a pace unseen since 1988, when it executed thousands at the end of the Iran-Iraq war.The Oslo-based group Iran Human Rights and the Washington-based Abdorrahman Boroumand Center for Human Rights in Iran put the number of people executed in 2025 at over 1,000, noting the figure could be higher as Iran does not report on each execution.Independent human rights experts at the United Nations have also criticized Iran's executions.Associated Press writer Amir Vahdat in Tehran, Iran, contributed to this report.","Iran's foreign minister has held *** telephone call with his counterparts in Germany, France, and the United Kingdom over their threat to potentially snap back sanctions on Iran over its nuclear program.
Now the snap back mechanism is part of Tehran's 2015 nuclear deal it struck with world powers that saw Tehran limit its enrichment of uranium.
Now Iran contends that these European nations can't do that.
That enrichment and other issues saw Israel launch its unprecedented 12 day war on Iran back in June.
Now as of right now, the European nations and Iran are both saying that there will be another round of talks next week, but the clock is ticking.","2025-10-04 09:08:00+00:00","['irans', 'iran', 'human', 'attacks', 'rights', 'israel', 'alleges', 'sanctions', 'carried', 'deathrow', 'inmates', 'men', 'death', 'war', 'executes', 'nations', 'behalf', 'deal']","https://www.wtae.com/article/iran-executes-6-death-row-inmates-it-alleges-carried-out-attacks-on-behalf-of-israel/68821823",""
"Iran executes 6 death-row inmates it alleges carried out attacks on behalf of Israel","defaultdict(<class 'dict'>, {'msapplication-tap-highlight': 'no', 'theme-color': '#2c2c2c', 'og': {'type': 'article', 'url': 'https://www.kcra.com/article/iran-executes-6-death-row-inmates-it-alleges-carried-out-attacks-on-behalf-of-israel/68821823', 'site_name': 'KCRA', 'title': 'Iran executes 6 death-row inmates it alleges carried out attacks on behalf of Israel', 'description': 'Iran has executed six inmates accused of carrying out attacks in the oil-rich southwest on behalf of Israel. Activists warn that Iran often relies on coerced confessions and closed-door trials, especially in cases involving Israel.', 'image': {'identifier': 'https://kubrick.htvapps.com/htv-prod-media.s3.amazonaws.com/images/gettyimages-1743104649-68e0e32128424.jpg?crop=1.00xw:0.846xh;0,0.0817xh&resize=1200:*', 'width': 1200, 'height': 800}}, 'x-ua-compatible': 'IE=edge,chrome=1', 'viewport': 'width=device-width,initial-scale=1,maximum-scale=5', 'twitter': {'url': 'https://www.kcra.com/article/iran-executes-6-death-row-inmates-it-alleges-carried-out-attacks-on-behalf-of-israel/68821823', 'site': '@kcranews', 'app': {'name': {'iphone': 'kcra', 'ipad': 'kcra'}, 'id': {'iphone': 505581274, 'ipad': 505581274, 'googleplay': 'com.hearst.android.kcra'}, 'url': {'iphone': 'kcra://content/68821823', 'ipad': 'kcra://content/68821823', 'googleplay': 'kcra://content/68821823'}}, 'image': {'identifier': 'https://kubrick.htvapps.com/htv-prod-media.s3.amazonaws.com/images/gettyimages-1743104649-68e0e32128424.jpg?crop=1.00xw:0.846xh;0,0.0817xh&resize=640:*', 'alt': 'Iran and Israel flags together. Iran and Israel conflict.'}, 'card': 'summary_large_image', 'title': 'Iran executes 6 death-row inmates it alleges carried out attacks on behalf of Israel', 'description': 'Iran has executed six inmates accused of carrying out attacks in the oil-rich southwest on behalf of Israel. Activists warn that Iran often relies on coerced confessions and closed-door trials, especially in cases involving Israel.'}, 'fb': {'app_id': 102798321191}, 'article': {'publisher': 'https://www.facebook.com/kcra3', 'modified_time': '2025-10-04T09:18:21.630299Z', 'opinion': 'false', 'published_time': '2025-10-04T09:08:00Z', 'section': 'News', 'subsection': 'National News', 'rights': 'kcra'}, 'google-site-verification': 'BuFU6rIz14GYdKKEdpqw3QHT16ampF858qCoOVOFHmE', 'apple-itunes-app': 'app-id=505581274, affiliate-data=1000lng, app-argument=canonical', 'msvalidate.01': 'A645064CC349FEE2894B433087AB1839', 'title': 'Iran executes 6 death-row inmates it alleges carried out bombings', 'description': 'Iran has executed six inmates accused of carrying out attacks in the oil-rich southwest on behalf of Israel.', 'keywords': 'Iran, Israel, allegations, attacks, closed-door trials, coerced confessions, death row, executes, executions, inmates, oil, on behalf of, southwest Iran, tensions, mmnd,iran,man,execution,attack,protest,israel,death,human rights,death-row inmate,oil-rich southwest,country,wave,june,behalf,confession', 'news_keywords': 'Iran, Israel, allegations, attacks, closed-door trials, coerced confessions, death row, executes, executions, inmates, oil, on behalf of, southwest Iran, tensions, mmnd,iran,man,execution,attack,protest,israel,death,human rights,death-row inmate,oil-rich southwest,country,wave,june,behalf,confession', 'sailthru.contentid': 68821823, 'auto-publish': 'timely', 'vf': {'url': 'https://www.kcra.com/article/iran-executes-6-death-row-inmates-it-alleges-carried-out-attacks-on-behalf-of-israel/68821823'}, 'sailthru.image.full': 'https://kubrick.htvapps.com/htv-prod-media.s3.amazonaws.com/images/gettyimages-1743104649-68e0e32128424.jpg?crop=1.00xw:0.846xh;0,0.0817xh&resize=300:*', 'sailthru.image.thumb': 'https://kubrick.htvapps.com/htv-prod-media.s3.amazonaws.com/images/gettyimages-1743104649-68e0e32128424.jpg?crop=1.00xw:0.846xh;0,0.0817xh&resize=50:50', 'date': '2025-10-04T09:08:00Z', 'datepublished': '2025-10-04T09:08:00Z', 'datemodified': '2025-10-04T09:18:21.630299Z', 'category': 'National News', 'sailthru.tags': 'news,national-news', 'parsely-link': 'https://www.wdsu.com/article/iran-executes-6-death-row-inmates-it-alleges-carried-out-attacks-on-behalf-of-israel/68821823'})","Iran's foreign minister has held *** telephone call with his counterparts in Germany, France, and the United Kingdom over their threat to potentially snap back sanctions on Iran over its nuclear program. Now the snap back mechanism is part of Tehran's 2015 nuclear deal it struck with world powers that saw Tehran limit its enrichment of uranium. In exchange for the lifting of economic sanctions now in the deal, there was *** part of it that said that any of those members of the deal could go and declare Iran in noncompliance with it, setting forth the clock that ultimately would snap back those UN sanctions. Now Iran contends that these European nations can't do that. They point to the fact. America unilaterally withdrew from the deal in 2018, setting up years of tensions over the program that saw Iran up its enrichment to about 60% purity, *** short step away from weapons grade levels. That enrichment and other issues saw Israel launch its unprecedented 12 day war on Iran back in June. Now as of right now, the European nations and Iran are both saying that there will be another round of talks next week, but the clock is ticking. The Europeans had said if Iran doesn't reach an agreement by the end of the month, that it will start the snapback process, and that could mean more pressure on Iran's ailing economy.Advertisement Iran executes 6 death-row inmates it alleges carried out attacks on behalf of Israel The executions follow a 12-day Iran-Israel war in June Editorial Standards ⓘIran executed six death-row inmates on Saturday, whom it alleged carried out attacks in the country's oil-rich southwest on behalf of Israel, the latest prisoners to be put to death in a wave of executions believed to be the highest in decades.Related video above: Iran confers with European nations on its nuclear program as sanctions deadline nears (08/24/25)The executions follow the 12-day Iran-Israel war in June, which ended with Tehran vowing it would target its enemies at home and abroad. However, activists warn Iran often relies on coerced confessions and closed-door trials in its death penalty cases, particularly those involving Israel.Iran said the men killed police officers and security forces, as well as orchestrated bombings targeting sites around Khorramshahr in Iran's restive Khuzestan province. Iranian state television aired footage of one of the men talking about the attacks, saying it was the first time the details were being made public.A Kurdish group called the Hengaw Organization for Human Rights reported the men's execution, identifying them all as ""Arab political prisoners"" detained during protests in 2019. It said Iran had accused the men of having links to the Arab Struggle Movement for the Liberation of Ahvaz, which has launched attacks against oil pipelines in Iran's southwest in the past and other attacks.""The six men were subjected to severe torture and coerced into giving televised 'confessions' under duress,"" Hengaw said.The Arab population of Khuzestan has long complained of discrimination by Iran's central government. The region also has been roiled like other parts of Iran in the waves of nationwide protests the country has seen in recent years.Iran separately put to death another inmate Saturday, it accused of killing a Sunni cleric in 2009 in Iran's Kurdistan province, among other crimes.In response to those protests and the June war, Iran has been putting prisoners to death at a pace unseen since 1988, when it executed thousands at the end of the Iran-Iraq war.The Oslo-based group Iran Human Rights and the Washington-based Abdorrahman Boroumand Center for Human Rights in Iran put the number of people executed in 2025 at over 1,000, noting the figure could be higher as Iran does not report on each execution.Independent human rights experts at the United Nations have also criticized Iran's executions.Associated Press writer Amir Vahdat in Tehran, Iran, contributed to this report.","Iran's foreign minister has held *** telephone call with his counterparts in Germany, France, and the United Kingdom over their threat to potentially snap back sanctions on Iran over its nuclear program.
Now the snap back mechanism is part of Tehran's 2015 nuclear deal it struck with world powers that saw Tehran limit its enrichment of uranium.
Now Iran contends that these European nations can't do that.
That enrichment and other issues saw Israel launch its unprecedented 12 day war on Iran back in June.
Now as of right now, the European nations and Iran are both saying that there will be another round of talks next week, but the clock is ticking.","2025-10-04 09:08:00+00:00","['irans', 'iran', 'human', 'attacks', 'rights', 'israel', 'alleges', 'sanctions', 'carried', 'deathrow', 'inmates', 'men', 'death', 'war', 'executes', 'nations', 'behalf', 'deal']","https://www.kcra.com/article/iran-executes-6-death-row-inmates-it-alleges-carried-out-attacks-on-behalf-of-israel/68821823",""
"‘Savage’: Zelenskyy says at least 30 killed as Russian drone strike hits Ukrainian train station","defaultdict(<class 'dict'>, {'buildtime': '2025-10-04 17:28:30.476731447 +0530 IST m=+0.304106996', 'viewport': 'width=device-width,initial-scale=1', 'description': 'A Russian drone strike hit a passenger train in Ukraine’s northern Sumy region on Saturday, injuring around 30 people, officials said.', 'robots': 'max-image-preview:large', 'keywords': 'Russian drone strike,Ukraine train attack,Sumy region,civilian casualties,Zelenskiy statement,railway infrastructure,Moscow attacks,emergency response', 'news_keywords': 'Russian drone strike, Ukraine train attack, Sumy region, civilian casualties, Zelenskiy statement, railway infrastructure, Moscow attacks, emergency response', 'og': {'title': '‘Savage’: Zelenskyy says at least 30 killed as Russian drone strike hits Ukrainian train station', 'description': 'At least 30 people were killed in a Russian drone strike on a railway station in Ukraine’s northern Sumy region on Saturday, officials said. President Volodymyr Zelenskyy condemned the attack as “savage”, accusing Moscow of deliberately targeting civilians.', 'type': 'article', 'url': 'https://www.firstpost.com/world/russian-drone-strike-hits-ukrainian-passenger-train-in-sumy-around-30-injured-13939304.html', 'image': {'identifier': 'https://images.firstpost.com/uploads/2025/08/AFP__20250821__723L363__v1__MidRes__UkraineRussiaConflictWar-2025-08-e1d2ea68ce2eeb84c49577c50573fbcd.jpg?im=FitAndFill=(1200,675)', 'width': 1200, 'height': 675}, 'category': 'world', 'locale': 'fp_IN', 'site_name': 'Firstpost'}, 'fb': {'pages': 122176787772, 'app_id': 964288731082630}, 'article': {'section': 'world', 'published_time': '2025-10-04T15:57:38+05:30', 'modified_time': '2025-10-04T17:22:25+05:30'}, 'twitter': {'card': 'summary_large_image', 'image': 'https://images.firstpost.com/uploads/2025/08/AFP__20250821__723L363__v1__MidRes__UkraineRussiaConflictWar-2025-08-e1d2ea68ce2eeb84c49577c50573fbcd.jpg?im=FitAndFill=(1200,675)', 'title': '‘Savage’: Zelenskyy says at least 30 killed as Russian drone strike hits Ukrainian train station', 'description': 'At least 30 people were killed in a Russian drone strike on a railway station in Ukraine’s northern Sumy region on Saturday, officials said. President Volodymyr Zelenskyy condemned the attack as “savage”, accusing Moscow of deliberately targeting civilians.', 'site': '@Firstpost', 'url': 'https://www.firstpost.com/world/russian-drone-strike-hits-ukrainian-passenger-train-in-sumy-around-30-injured-13939304.html'}})","At least 30 people were killed in a Russian drone strike on a railway station in Ukraine’s northern Sumy region on Saturday, officials said. President Volodymyr Zelenskyy condemned the attack as “savage”, accusing Moscow of deliberately targeting civilians.This handout photograph taken by the Ukrainian Emergency Service and released on August 21, 2025, shows a Ukrainian emergency workers using water hoses on a fire following a Russian air attack, in Lviv, amid the Russian invasion of Ukraine. Image- AFPAt least 30 people were killed in a Russian drone strike on a railway station in Ukraine’s northern Sumy region on Saturday (October 4), an attack President Volodymyr Zelenskyy denounced as “savage”.The strike hit a station in Shostka, damaging a train bound for Kyiv, regional governor Oleh Hryhorov said, according to Reuters.‘They were striking civilians…’: ZelenskyyZelenskyy posted footage on Telegram showing a burning carriage and shattered windows, saying emergency services were at the scene. “The Russians could not have been unaware that they were striking civilians. This is terror the world must not ignore,” he said. “Every day Russia takes people’s lives. Only strength can make them stop. Strong action is needed — lip service is not enough now.”STORY CONTINUES BELOW THIS ADEarlier, local officials said that 30 people were injured and no fatalities were immediately reported after the incident. The attack is part of Moscow’s near-daily strikes on Ukraine’s railway infrastructure over the past two months.Russia targets Naftogaz facilities in massive attackThe train strike came a day after Russia launched 35 missiles and 60 drones at Naftogaz facilities in Kharkiv and Poltava, in what officials described as the largest assault on gas production since the start of the war. Naftogaz chief executive Sergii Koretskyi said the attack caused “critical damage” and left more than 8,000 consumers without power, insisting there was “no military rationale” for targeting energy sites.Energy grid under pressure as Moscow attacks power infraMoreover, Russia’s defence ministry confirmed overnight strikes on energy and military-industrial targets. With winter approaching, Moscow has intensified attacks on Ukraine’s power grid, triggering prolonged blackouts in several regions.Ukraine has responded with a wave of drone attacks on Russian oil refineries, hitting 19 facilities in September alone, according to Kyiv’s drone force commander. The strikes have caused fuel shortages in parts of Russia.Peace talks remain stalled, Trump pushes for mediationMeanwhile, peace talks remain stalled. Moscow has accused European nations of blocking negotiations, while Zelenskyy has called for tougher sanctions and pressed for direct talks with Vladimir Putin.US President Donald Trump has cast himself as a potential mediator, urging a Zelenskyy-Putin meeting and warning Moscow of secondary sanctions if the war continues.","At least 30 people were killed in a Russian drone strike on a railway station in Ukraine’s northern Sumy region on Saturday, officials said.
President Volodymyr Zelenskyy condemned the attack as “savage”, accusing Moscow of deliberately targeting civilians.
Image- AFPAt least 30 people were killed in a Russian drone strike on a railway station in Ukraine’s northern Sumy region on Saturday (October 4), an attack President Volodymyr Zelenskyy denounced as “savage”.
The strike hit a station in Shostka, damaging a train bound for Kyiv, regional governor Oleh Hryhorov said, according to Reuters.
Ukraine has responded with a wave of drone attacks on Russian oil refineries, hitting 19 facilities in September alone, according to Kyiv’s drone force commander.","2025-10-04 15:57:38+05:30","['ukrainian', 'hits', 'moscow', 'talks', 'train', 'zelenskyy', 'ukraines', 'strike', 'station', 'attack', 'savage', 'killed', 'drone', 'russian', 'strikes']","https://www.firstpost.com/world/russian-drone-strike-hits-ukrainian-passenger-train-in-sumy-around-30-injured-13939304.html",""
"Senior US senator wants to boost pressure on China over Taiwan","defaultdict(<class 'dict'>, {'title': 'Senior US senator wants to boost pressure on China over Taiwan, World News - AsiaOne', 'og': {'site_name': 'AsiaOne', 'type': 'Article', 'url': 'https://www.asiaone.com/world/senior-us-senator-wants-boost-pressure-china-over-taiwan', 'title': 'Senior US senator wants to boost pressure on China over Taiwan', 'description': 'WASHINGTON — The chairman of the US Senate Foreign Relations Committee said on Friday (Oct 3) he will introduce legislation to deter aggression against Taiwan by identifying targets for economic measures that could be deployed rapidly if China acts against the island.Republican Senator Jim Risch of Idaho said his ""Deter PRC Aggression Against Taiwan Act"" would create a State and...', 'image': {'identifier': 'https://www.asiaone.com/sites/default/files/styles/article_top_image/public/original_images/Oct2025/20251004_senator_reuters.jpg?itok=KRfXmhmF', 'url': 'https://www.asiaone.com/sites/default/files/styles/article_top_image/public/original_images/Oct2025/20251004_senator_reuters.jpg?itok=KRfXmhmF'}, 'updated_time': '2025-10-04T01:45:20+00:00'}, 'robots': 'max-image-preview:large', 'article': {'published_time': '2025-10-04T09:45:01+08:00', 'modified_time': '2025-10-04T01:45:20+00:00', 'section': 'World', 'tag': 'United States of America, china, Taiwan, geopolitics, Law and legislation, Politics and Government'}, 'twitter': {'card': 'summary_large_image', 'description': 'WASHINGTON — The chairman of the US Senate Foreign Relations Committee said on Friday (Oct 3) he will introduce legislation to deter aggression against Taiwan by identifying targets for economic measures that could be deployed rapidly if China acts against the island.Republican Senator Jim Risch of Idaho said his ""Deter PRC Aggression Against Taiwan Act"" would create a State and...', 'site': '@asiaonecom', 'title': 'AsiaOne', 'url': 'https://www.asiaone.com/world/senior-us-senator-wants-boost-pressure-china-over-taiwan', 'image': 'https://www.asiaone.com/sites/default/files/styles/article_top_image/public/original_images/Oct2025/20251004_senator_reuters.jpg?itok=KRfXmhmF'}, 'fb': {'app_id': 1077070279024264}, 'description': 'WASHINGTON — The chairman of the US Senate Foreign Relations Committee said on Friday (Oct 3) he will introduce legislation to deter aggression against Taiwan by identifying targets for economic measures that could be deployed rapidly if China acts against the island.Republican Senator Jim Risch of Idaho said his ""Deter PRC Aggression Against Taiwan Act"" would create a State and...', 'generator': 'AsiaOne', 'rights': 'asiaone.com', 'referrer': 'no-referrer-when-downgrade', 'MobileOptimized': 'width', 'HandheldFriendly': 'true', 'viewport': 'width=device-width, initial-scale=1.0', 'next-head-count': 54})","WASHINGTON — The chairman of the US Senate Foreign Relations Committee said on Friday (Oct 3) he will introduce legislation to deter aggression against Taiwan by identifying targets for economic measures that could be deployed rapidly if China acts against the island.Republican Senator Jim Risch of Idaho said his ""Deter PRC Aggression Against Taiwan Act"" would create a State and Treasury Department-led task force that would identify Chinese military and non-military targets for sanctions, export controls and other economic measures to use against Beijing in case of Chinese aggression against Taiwan.""Using lessons learned from the challenges in US and partner country sanctions against Russia following its invasion of Ukraine, this legislation will ensure America is prepared to hit China where it hurts should China follow through on its threats to use violent force against Taiwan,"" Risch said in a statement.An aide said he planned to introduce the measure on Monday.News of the proposed bill comes ahead of an expected meeting this month between US President Donald Trump and his Chinese counterpart Xi Jinping, with the US leader seeking to conclude a major trade deal with Washington's biggest economic and geopolitical rival.China claims the democratically governed island as its own and has never renounced the use of force to bring Taiwan under its control. Beijing has stepped up military and political pressure against the island in recent years.The US is Taipei's main foreign backer and some foreign policy experts and people in Taiwan are concerned that Trump may not be as committed to defence of the Chinese-claimed island as past US presidents and might be willing to offer Beijing concessions to secure a significant trade deal.The US State Department says the US position on Taiwan has not changed and that Washington opposes any unilateral changes to the status quo from either side.Analysts say China would particularly like the Trump administration to state explicitly that it opposes Taiwan's independence rather than say, as did the Biden administration, that it did not support it.Risch's bill is one of several legislative initiatives in the Senate and House of Representatives that supporters say underscore support in Congress for continuing to take a hard line against any Chinese moves on Taiwan.[[nid:723469]]","China claims the democratically governed island as its own and has never renounced the use of force to bring Taiwan under its control.
Beijing has stepped up military and political pressure against the island in recent years.
The US State Department says the US position on Taiwan has not changed and that Washington opposes any unilateral changes to the status quo from either side.
Analysts say China would particularly like the Trump administration to state explicitly that it opposes Taiwan's independence rather than say, as did the Biden administration, that it did not support it.
Risch's bill is one of several legislative initiatives in the Senate and House of Representatives that supporters say underscore support in Congress for continuing to take a hard line against any Chinese moves on Taiwan.","2025-10-04 09:45:01+08:00","['economic', 'senator', 'taiwan', 'pressure', 'china', 'boost', 'say', 'senior', 'state', 'force', 'island', 'trump', 'foreign', 'wants', 'chinese']","https://www.asiaone.com/world/senior-us-senator-wants-boost-pressure-china-over-taiwan",""
"France Boards Alleged Russian 'Shadow Fleet' Ship, Arrests Captain And First Officer","defaultdict(<class 'dict'>, {'viewport': 'width=device-width, initial-scale=1, minimum-scale=1, user-scalable=no', 'apple-mobile-web-app-title': 'HotAir', 'application-name': 'HotAir', 'msapplication-TileColor': '#ffffff', 'theme-color': '#972123', 'article': {'published_time': '2025-10-04T15:40:00'}, 'description': ""France arrests captain and first officer of ship linked to Russia's shadow fleet."", 'keywords': 'France, Russia, shadow fleet, ship arrest, Boracay, maritime security, European Union sanctions, Brest Prosecutor', 'robots': 'index, follow', 'author': 'Beege Welborn', 'og': {'locale': 'en_US', 'title': ""France Boards Alleged Russian 'Shadow Fleet' Ship, Arrests Captain And First Officer"", 'type': 'article', 'url': 'https://hotair.com/headlines/2025/10/04/france-boards-alleged-russian-shadow-fleet-ship-arrests-captain-and-first-officer-n3807455', 'site_name': 'hotair.com', 'description': ""France arrests captain and first officer of ship linked to Russia's shadow fleet.""}, 'twitter': {'card': 'summary_large_image', 'title': ""France Boards Alleged Russian 'Shadow Fleet' Ship, Arrests Captain And First Officer"", 'image': 'https://cdn.townhall.com/web/thm/hotair-twitter-default.jpg', 'url': 'https://hotair.com/headlines/2025/10/04/france-boards-alleged-russian-shadow-fleet-ship-arrests-captain-and-first-officer-n3807455', 'description': ""France arrests captain and first officer of ship linked to Russia's shadow fleet."", 'site': '@hotairblog'}, 'fb': {'app_id': 312482775445602, 'pages': '41632789656,103971336305218,319569361390023,106547192707583,124538510989702,283971595408,15418366158,153162531376557,127519040661256,123834811060739,305174559545115,321502821264274,413465452078762,492802317512753,140705212665688,116757565026850,114013445328868'}})","The French military boarded a ship suspected of operating for Russia's “shadow fleet” and arrested the captain and first officer, authorities said.Brest Prosecutor Stephane Kellenberger, whose office is in charge of the matter, said the two people apprehended identified themselves as the captain and first officer of the vessel, Reuters reported . They did not give proof of the vessel's nationality or follow orders, and the length of their detention has extended, he said.AdvertisementThe “Boracay” or “Pushpa,” whose name has changed multiple times, was operating under Benin's and fell under European Union sanctions targeting Russia, according to CBS News. The ship departed Primorsk, a Russian oil terminal, on Sept. 20, sailed along Denmark's coast and has held position off the western French port Saint-Nazaire since Sunday, according to data from Marine Traffic.","The French military boarded a ship suspected of operating for Russia's “shadow fleet” and arrested the captain and first officer, authorities said.
Brest Prosecutor Stephane Kellenberger, whose office is in charge of the matter, said the two people apprehended identified themselves as the captain and first officer of the vessel, Reuters reported .
They did not give proof of the vessel's nationality or follow orders, and the length of their detention has extended, he said.
AdvertisementThe “Boracay” or “Pushpa,” whose name has changed multiple times, was operating under Benin's and fell under European Union sanctions targeting Russia, according to CBS News.
The ship departed Primorsk, a Russian oil terminal, on Sept. 20, sailed along Denmark's coast and has held position off the western French port Saint-Nazaire since Sunday, according to data from Marine Traffic.","2025-10-04 00:00:00","['ship', 'alleged', 'western', 'french', 'france', 'fleet', 'captain', 'vessel', 'boards', 'operating', 'according', 'vessels', 'union', 'russian', 'officer', 'arrests', 'shadow']","https://hotair.com/headlines/2025/10/04/france-boards-alleged-russian-shadow-fleet-ship-arrests-captain-and-first-officer-n3807455",""
"How Putin’s Valdai speech was a message to Europe and his domestic audience","defaultdict(<class 'dict'>, {'buildtime': '2025-10-04 16:52:17.428058953 +0530 IST m=+0.292272354', 'viewport': 'width=device-width,initial-scale=1', 'description': 'In his speech at the Valdai Discussion Club, the Russian president gave no sign of readiness for compromise, terming the war as a defensive struggle against Western hegemony', 'robots': 'max-image-preview:large', 'keywords': 'Putin Valdai speech,Russia Europe relations,Western hegemony,Russia Ukraine war,multipolar world,Russian military strategy,Europe vulnerabilities,Russia Western sanctions,Putin war message,Ukraine conflict,Russia long war,European political instability,NATO Russia tensions,cyber warfare Russia,Russian defence strategy,Putin Valdai 2025,Russia Ukraine war,Putin speech 2025,Russia war strategy,Ukraine conflict updates,Putin Valdai address,Russia Western sanctions,Russian military tactics,Ukraine war attrition,Europe Russia relations,Putin war message,Western hegemony Russia,Russia multipolar world,Ukraine defence industry,NATO Russia tensions,Russia energy politics,Putin domestic audience,Russian geopolitical strategy,Russia Europe conflict', 'news_keywords': 'Putin Valdai speech, Russia Europe relations, Western hegemony, Russia Ukraine war, multipolar world, Russian military strategy, Europe vulnerabilities, Russia Western sanctions, Putin war message, Ukraine conflict, Russia long war, European political instability, NATO Russia tensions, cyber warfare Russia, Russian defence strategy, Putin Valdai 2025, Russia Ukraine war, Putin speech 2025, Russia war strategy, Ukraine conflict updates, Putin Valdai address, Russia Western sanctions, Russian military tactics, Ukraine war attrition, Europe Russia relations, Putin war message, Western hegemony Russia, Russia multipolar world, Ukraine defence industry, NATO Russia tensions, Russia energy politics, Putin domestic audience, Russian geopolitical strategy, Russia Europe conflict', 'og': {'title': 'How Putin’s Valdai speech was a message to Europe and his domestic audience', 'description': 'In his speech at the Valdai Discussion Club, the Russian president gave no sign of readiness for compromise, terming the war as a defensive struggle against Western hegemony', 'type': 'article', 'url': 'https://www.firstpost.com/opinion/putin-valdai-speech-message-europe-domestic-audience-13939318.html', 'image': {'identifier': 'https://images.firstpost.com/uploads/2025/09/3-2025-09-bb474f4f361a71d3f2759f295f51f98b.jpg?im=FitAndFill=(1200,675)', 'width': 1200, 'height': 675}, 'category': 'opinion', 'locale': 'fp_IN', 'site_name': 'Firstpost'}, 'fb': {'pages': 122176787772, 'app_id': 964288731082630}, 'article': {'section': 'opinion', 'published_time': '2025-10-04T16:50:39+05:30', 'modified_time': '2025-10-04T16:51:25+05:30'}, 'twitter': {'card': 'summary_large_image', 'image': 'https://images.firstpost.com/uploads/2025/09/3-2025-09-bb474f4f361a71d3f2759f295f51f98b.jpg?im=FitAndFill=(1200,675)', 'title': 'How Putin’s Valdai speech was a message to Europe and his domestic audience', 'description': 'In his speech at the Valdai Discussion Club, the Russian president gave no sign of readiness for compromise, terming the war as a defensive struggle against Western hegemony', 'site': '@Firstpost', 'url': 'https://www.firstpost.com/opinion/putin-valdai-speech-message-europe-domestic-audience-13939318.html'}})","In his speech at the Valdai Discussion Club, the Russian president gave no sign of readiness for compromise, terming the war as a defensive struggle against Western hegemonyVladimir Putin’s speech at the Valdai Discussion Club in Sochi carried the cadence of a statesman seeking to define an era laced with a turbulent multipolar world, Western hegemony, and the calculations of a wartime leader preparing his country for a prolonged struggle. They were an indication of how Moscow sees the future balance of power, the war endurance effort, and the vulnerabilities of the West.The Valdai Forum has long been one of the Kremlin’s most important platforms for signalling policy. Unlike routine speeches or briefings, Valdai allows Putin to present Russia’s worldview in a controlled setting to an audience of academics, journalists and diplomats. This year’s speech indicated the strategic intent and wartime manifesto. It was both a warning and a declaration that Russia is prepared for a long confrontation not only in Ukraine but against the entire Western dominance.STORY CONTINUES BELOW THIS ADSeveral themes run through the Valdai speech. First is the insistence that Russia is not isolated but part of an emerging multipolar order. Second is the claim that Russia is prepared for a long war of attrition, confident in its capacity to outlast Ukraine and its backers. Third is the message to Europe that Moscow sees weakness in its internal divisions and is prepared to exploit them. Fourth is the warning that escalation is always possible, though not necessarily in the form of direct Nato confrontation. Cyber operations, pressure on energy infrastructure and calibrated strikes on supply chains remain in Moscow’s playbook.The Crowbar Logic of PowerThe speech was built around a simple but forceful metaphor. “There is no counter to a crowbar except another crowbar,” Putin said, presenting power as a blunt tool that inevitably invites a matching response. He cast the struggle in Ukraine as a direct outcome of Western hegemony, insisting that attempts by Washington and its allies to enforce absolute dominance had produced a multipolar backlash.In this, Putin clarified, Russia is not the aggressor but the counterweight, forced to pick up its own crowbar to balance the blows of the West. Putin derided the West’s reliance on sanctions and bans, arguing that prohibitions only reveal weakness. He mocked Europe’s regulatory zeal, suggesting that before long everything would be “banned to hell”.What makes the metaphor a dangerous escalation is that Western escalatory actions, like the long-range missiles, advanced drones, and expanded sanctions, will be met with reciprocation. For Europe, this is a dangerous spiral in an effort to balance deterrence with escalation.Ukraine: From Innovation to Industrial GrindOn the battlefield, Putin highlighted territorial gains in Luhansk and Kupiansk while dismissing Ukrainian counter-strikes as costly failures. He placed Ukrainian losses at nearly 45,000 in September alone, with half deemed irrecoverable. Russian losses, he insisted, were far lower, with no need for forced mobilisation. These figures may be propaganda, yet they reveal Russia’s strategic narrative: that time and attrition are on its side.STORY CONTINUES BELOW THIS ADThis connects with a broader truth about the war. The early phase of Ukrainian resistance was defined by ingenuity. From garage-built drones to improvised missile conversions, Ukraine shocked the world by turning scarcity into innovation. But as the war drags into its fourth year, the frontier of innovation has plateaued. The contest now is less about invention and more about production. The decisive factor will be who can turn ideas into mass-manufactured systems that sustain the fight month after month. Here, Russia holds certain advantages, whereas Ukraine risks war exhaustion and political fatigue. Putin knows this and is playing for time.Europe in the CrosshairsStrikingly, Putin assigned responsibility for prolonging the war not to Washington but to Europe. He claimed that European leaders must bear the blame for failing to stop hostilities and warned that Russia would respond to the militarisation of the continent. This framing attempts to drive a wedge between European capitals and Washington. It also seeks to exploit Europe’s own vulnerabilities: rising energy costs, migration pressures and political instability. Putin’s description of Europe as a civilisation being “eaten from the inside” by uncontrolled migration taps into anxieties already roiling European politics.STORY CONTINUES BELOW THIS ADBy casting Nato fears of a Russian attack as “nonsense”, Putin tried to defuse the idea that Moscow seeks wider conquest. Yet in the same breath, he threatened that Russia’s retaliatory measures against European militarisation would not be long in coming. The juxtaposition is deliberate: reassure against the charge of imperial ambition while keeping deterrence through the ","Unlike routine speeches or briefings, Valdai allows Putin to present Russia’s worldview in a controlled setting to an audience of academics, journalists and diplomats.
STORY CONTINUES BELOW THIS ADSeveral themes run through the Valdai speech.
Third is the message to Europe that Moscow sees weakness in its internal divisions and is prepared to exploit them.
Europe in the CrosshairsStrikingly, Putin assigned responsibility for prolonging the war not to Washington but to Europe.
STORY CONTINUES BELOW THIS ADValdai: A Strategic BroadcastThe Valdai speech was not theatre for its own sake.","2025-10-04 16:50:39+05:30","['western', 'valdai', 'domestic', 'speech', 'europe', 'continues', 'putin', 'putins', 'war', 'audience', 'ukraine', 'russia', 'message', 'european']","https://www.firstpost.com/opinion/putin-valdai-speech-message-europe-domestic-audience-13939318.html",""
"Two arrested as pepper spray used on pro-Palestine protesters in Dublin","defaultdict(<class 'dict'>, {'viewport': 'width=device-width, initial-scale=1', 'fb': {'app_id': 158655517639984, 'page_id': 191236384249467, 'pages': 1809191346075207}, 'description': 'Thousands took to the streets on Saturday call for the Government to impose sanctions on Israel', 'author': 'Cathal Ryan', 'robots': 'noarchive, max-image-preview:large', 'Googlebot-News': 'noarchive', 'referrer': 'unsafe-URL', 'keywords': 'In the News, An Garda Siochana, Gardai, Crime, Gaza', 'news_keywords': 'In the News, An Garda Siochana, Gardai, Crime, Gaza', 'allowTaboolaDeepDive': 'true', 'og': {'title': 'Two arrested as pepper spray used on pro-Palestine protesters in Dublin', 'description': 'Thousands took to the streets on Saturday call for the Government to impose sanctions on Israel', 'url': 'https://www.irishmirror.ie/news/irish-news/crime/two-arrested-pepper-spray-used-36015102', 'site_name': 'Irish Mirror', 'locale': 'en_GB', 'image': 'https://i2-prod.irishmirror.ie/article32863451.ece/ALTERNATES/s1200/1_March-For-Palestine-In-Dublin-Ireland-18-May-2024.jpg', 'type': 'article'}, 'article': {'published_time': '2025-10-04T17:31:46Z', 'modified_time': '2025-10-07T10:03:48Z', 'author': 'Cathal Ryan', 'section': 'Crime', 'tag': 'Gaza'}, 'twitter': {'card': 'summary_large_image', 'site': '@irishmirror', 'creator': '@CathalRyanLK', 'title': 'Two arrested as pepper spray used on pro-Palestine protesters in Dublin  - Irish Mirror', 'description': 'Thousands took to the streets on Saturday call for the Government to impose sanctions on Israel', 'image': 'https://i2-prod.irishmirror.ie/article32863451.ece/ALTERNATES/s1200/1_March-For-Palestine-In-Dublin-Ireland-18-May-2024.jpg'}})","Two arrested as pepper spray used on pro-Palestine protesters in DublinThousands took to the streets on Saturday call for the Government to impose sanctions on IsraelView Image Pro-Palestinian activists from the Ireland Palestine Solidarity Campaign (stock image) (Image: Artur Widak/NurPhoto/REX/Shutterstock)Two people have been arrested by Gardaí, who deployed the use of pepper spray on pro-Palestinian protesters attempting to get to Dublin Port Tunnel.‌On Wednesday, the Dublin Port Tunnel was shut for a period after protestors gathered to condemn Israel’s interception of an aid flotilla sailing towards Gaza. Protestors blocked access to the entrance of the tunnel on both sides, with the demonstration causing heavy delays for motorists.‌On Saturday, Dublin city saw thousands take to its streets to call for the Government to impose sanctions on Israel.‌A number of protesters then attempted to make their way once more towards the Dublin Port Tunnel, where Gardaí established a cordon to deny them access and keep the Tunnel open.Gardaí say there was a ""co-ordinated and concerted effort to physically breach"" the cordon set up around the Tunnel by the protesters.As a result, members of the Public Order Unit deployed pepper spray to help push the crowd back. Two protesters have been arrested for public order offences and have been brought to Garda Stations in the Dublin region.‌Gardaí say they have received no reports of any serious injuries. Traffic was metered through the Tunnel due to knock-on congestion, but it was able to remain open.A Garda spokesperson said: “Gardaí attended at and monitored a number of public gatherings in Dublin city today, Saturday, 4 October.“During the afternoon a protest group gathered in the East Wall area, Dublin 1. There is a constitutional right to assemble peaceably, subject to statutory provisions.‌“An Garda Síochána respects the right of citizens to exercise their constitutional rights subject to statutory provisions, including the Criminal Justice (Public Order) Act 1984 amongst other legislation.“As the public gathering moved towards Dublin Port Tunnel this afternoon a Garda cordon was established to prevent a protest blocking the Port Tunnel in order to maintain traffic movement through key infrastructure (Dublin Port Tunnel and the M50).“An Garda Síochána attempted to engage with the protest group over the course of the afternoon to disperse the protest in a voluntary manner.‌“Despite this engagement there was a co-ordinated and concerted effort to physically breach the Garda cordon.“In accordance with procedures An Garda Síochána deployed an escalation of response.“Members of the Garda National Public Order Unit, dressed in ’soft cap’ uniform, supported by frontline uniformed Gardaí, intervened to prevent a breach of the Garda cordon which included the use of incapacitant spray on protesters.‌“Two individuals have been arrested for public order offences and have been brought to Garda Stations in the Dublin region.“Following further engagement with protesters the protest has now dispersed. An Garda Síochána is not aware of any injuries being reported. Traffic flow is being returned to normal.“An Garda Síochána will be carrying out further investigations in relation to this public disorder incident.”Article continues belowSubscribe to our newsletter for the latest news from the Irish Mirror direct to your inbox: Sign up here.","Two arrested as pepper spray used on pro-Palestine protesters in DublinThousands took to the streets on Saturday call for the Government to impose sanctions on IsraelView Image Pro-Palestinian activists from the Ireland Palestine Solidarity Campaign (stock image) (Image: Artur Widak/NurPhoto/REX/Shutterstock)Two people have been arrested by Gardaí, who deployed the use of pepper spray on pro-Palestinian protesters attempting to get to Dublin Port Tunnel.
‌On Wednesday, the Dublin Port Tunnel was shut for a period after protestors gathered to condemn Israel’s interception of an aid flotilla sailing towards Gaza.
As a result, members of the Public Order Unit deployed pepper spray to help push the crowd back.
Two protesters have been arrested for public order offences and have been brought to Garda Stations in the Dublin region.
‌“Two individuals have been arrested for public order offences and have been brought to Garda Stations in the Dublin region.","2025-10-04 17:31:46+00:00","['tunnel', 'protesters', 'order', 'pepper', 'garda', 'dublin', 'used', 'arrested', 'port', 'spray', 'protest', 'síochána', 'propalestine', 'public']","https://www.irishmirror.ie/news/irish-news/crime/two-arrested-pepper-spray-used-36015102",""
"Tehran executes seven linked to deadly Khuzestan bombings","defaultdict(<class 'dict'>, {'viewport': 'width=device-width,minimum-scale=1,initial-scale=1', 'fb': {'app_id': 278477199157577, 'pages': 111457038871331}, 'twitter': {'widgets': {'csp': 'on'}, 'card': 'summary_large_image', 'site': '@etribune', 'title': 'Tehran executes seven linked to deadly Khuzestan bombings', 'description': 'Iran executes over 1,000 people in 2025, highest annual figure in at least 15 years', 'image': 'https://i.tribune.com.pk/media/images/et-mehak-481759568254-0/et-mehak-481759568254-0-640x480.webp', 'domain': 'https://tribune.com.pk', 'creator': '@etribune'}, 'theme-color': '#000000', 'mobile-web-app-capable': 'yes', 'msapplication-TileColor': '#333333', 'apple-mobile-web-app-capable': 'yes', 'application-name': 'The Express Tribune', 'apple-mobile-web-app-title': 'The Express Tribune', 'apple-mobile-web-app-status-bar-style': 'black-translucent', 'msapplication-TileImage': 'https://i.tribune.com.pk/logo/144x144.png', 'csrf-token': '98H9ZcSlXAdduG7AJrpx6y1tMJ7GH1icQtuD8SJH', 'og': {'locale': 'en_US', 'url': 'https://tribune.com.pk/story/2570561/tehran-executes-seven-linked-to-deadly-khuzestan-bombings', 'site_name': 'The Express Tribune', 'type': 'article', 'title': 'Tehran executes seven linked to deadly Khuzestan bombings | The Express Tribune', 'description': 'Iran executes over 1,000 people in 2025, highest annual figure in at least 15 years', 'image': 'https://i.tribune.com.pk/media/images/et-mehak-481759568254-0/et-mehak-481759568254-0-640x480.webp', 'article': {'section': 'News'}}, 'robots': 'max-image-preview:large', 'description': 'Iran executes over 1,000 people in 2025, highest annual figure in at least 15 years', 'title': 'Tehran executes seven linked to deadly Khuzestan bombings', 'article': {'tag': 'World', 'publisher': 'https://tribune.com.pk', 'author': 'https://tribune.com.pk/author/3233/reuters-2', 'section': 'World', 'published_time': '2025-10-04T10:04:41+00:00'}, 'keywords': 'Iran, execution, security personnel, cleric, ethnic minorities', 'author': 'Reuters'})","Iran executes over 1,000 people in 2025, highest annual figure in at least 15 yearsSeven people were executed in Iran in a single day [Photo: Express]Iran on Saturday executed seven men convicted of killing security personnel and a cleric several years ago, the judiciary’s news agency Mizan reported.Six of the men were ethnic Arab separatists accused of carrying out armed attacks and bombings in Khorramshahr, in the southwestern province of Khuzestan, which killed four security personnel.The seventh, Saman Mohammadi Khiyareh, a Kurd, was convicted over the 2009 assassination of Mamousta Sheikh al-Islam, a pro-government Sunni cleric in the Kurdish city of Sanandaj.Read: Iran decries 'unjustifiable' return of UN sanctionsMizan reported that the men had links to Israel, a charge rights groups say Tehran routinely uses against ethnic minorities to portray dissent as foreign-backed rather than homegrown.Activists have also questioned Mohammadi Khiyareh’s case, noting he was only 15 or 16 at the time of the assassination, arrested at 19, and held for more than a decade before his execution.They said his conviction relied on confessions extracted under torture — a practice activists accuse Iranian courts of using regularly.According to Amnesty International, Iranian authorities have executed more than 1,000 people so far in 2025, the highest annual figure recorded by the group in at least 15 years.","Six of the men were ethnic Arab separatists accused of carrying out armed attacks and bombings in Khorramshahr, in the southwestern province of Khuzestan, which killed four security personnel.
The seventh, Saman Mohammadi Khiyareh, a Kurd, was convicted over the 2009 assassination of Mamousta Sheikh al-Islam, a pro-government Sunni cleric in the Kurdish city of Sanandaj.
Read: Iran decries 'unjustifiable' return of UN sanctionsMizan reported that the men had links to Israel, a charge rights groups say Tehran routinely uses against ethnic minorities to portray dissent as foreign-backed rather than homegrown.
They said his conviction relied on confessions extracted under torture — a practice activists accuse Iranian courts of using regularly.
According to Amnesty International, Iranian authorities have executed more than 1,000 people so far in 2025, the highest annual figure recorded by the group in at least 15 years.","2025-10-04 10:04:41+00:00","['executed', 'tehran', 'iran', 'seven', 'khuzestan', 'bombings', 'mohammadi', 'iranian', 'highest', '15', 'ethnic', 'figure', 'deadly', 'men', 'security', 'linked', 'executes']","https://tribune.com.pk/story/2570561/tehran-executes-seven-linked-to-deadly-khuzestan-bombings",""
"Iran executes 6 death-row inmates it alleges carried out attacks on behalf of Israel","defaultdict(<class 'dict'>, {'msapplication-tap-highlight': 'no', 'theme-color': '#2c2c2c', 'og': {'type': 'article', 'url': 'https://www.koco.com/article/iran-executes-6-death-row-inmates-it-alleges-carried-out-attacks-on-behalf-of-israel/68821823', 'site_name': 'KOCO', 'title': 'Iran executes 6 death-row inmates it alleges carried out attacks on behalf of Israel', 'description': 'Iran has executed six inmates accused of carrying out attacks in the oil-rich southwest on behalf of Israel. Activists warn that Iran often relies on coerced confessions and closed-door trials, especially in cases involving Israel.', 'image': {'identifier': 'https://kubrick.htvapps.com/htv-prod-media.s3.amazonaws.com/images/gettyimages-1743104649-68e0e32128424.jpg?crop=1.00xw:0.846xh;0,0.0817xh&resize=1200:*', 'width': 1200, 'height': 800}}, 'x-ua-compatible': 'IE=edge,chrome=1', 'viewport': 'width=device-width,initial-scale=1,maximum-scale=5', 'twitter': {'url': 'https://www.koco.com/article/iran-executes-6-death-row-inmates-it-alleges-carried-out-attacks-on-behalf-of-israel/68821823', 'site': '@koconews', 'app': {'name': {'iphone': 'koco', 'ipad': 'koco'}, 'id': {'iphone': 505232685, 'ipad': 505232685, 'googleplay': 'com.hearst.kocoiphone'}, 'url': {'iphone': 'koco://content/68821823', 'ipad': 'koco://content/68821823', 'googleplay': 'koco://content/68821823'}}, 'image': {'identifier': 'https://kubrick.htvapps.com/htv-prod-media.s3.amazonaws.com/images/gettyimages-1743104649-68e0e32128424.jpg?crop=1.00xw:0.846xh;0,0.0817xh&resize=640:*', 'alt': 'Iran and Israel flags together. Iran and Israel conflict.'}, 'card': 'summary_large_image', 'title': 'Iran executes 6 death-row inmates it alleges carried out attacks on behalf of Israel', 'description': 'Iran has executed six inmates accused of carrying out attacks in the oil-rich southwest on behalf of Israel. Activists warn that Iran often relies on coerced confessions and closed-door trials, especially in cases involving Israel.'}, 'fb': {'app_id': 153000715030}, 'article': {'publisher': 'https://www.facebook.com/koco5', 'modified_time': '2025-10-04T09:18:21.630299Z', 'opinion': 'false', 'published_time': '2025-10-04T09:08:00Z', 'section': 'News', 'subsection': 'National News', 'rights': 'koco'}, 'google-site-verification': 'sbwTM4vAbcwS1uvZqA2cCsqHY83oNcOposQfxZP1vvA', 'apple-itunes-app': 'app-id=505232685, affiliate-data=1001lpb, app-argument=canonical', 'msvalidate.01': 'A645064CC349FEE2894B433087AB1839', 'title': 'Iran executes 6 death-row inmates it alleges carried out bombings', 'description': 'Iran has executed six inmates accused of carrying out attacks in the oil-rich southwest on behalf of Israel.', 'keywords': 'Iran, Israel, allegations, attacks, closed-door trials, coerced confessions, death row, executes, executions, inmates, oil, on behalf of, southwest Iran, tensions, mmnd,iran,man,execution,attack,protest,israel,death,human rights,death-row inmate,oil-rich southwest,country,wave,june,behalf,confession', 'news_keywords': 'Iran, Israel, allegations, attacks, closed-door trials, coerced confessions, death row, executes, executions, inmates, oil, on behalf of, southwest Iran, tensions, mmnd,iran,man,execution,attack,protest,israel,death,human rights,death-row inmate,oil-rich southwest,country,wave,june,behalf,confession', 'sailthru.contentid': 68821823, 'auto-publish': 'timely', 'vf': {'url': 'https://www.koco.com/article/iran-executes-6-death-row-inmates-it-alleges-carried-out-attacks-on-behalf-of-israel/68821823'}, 'sailthru.image.full': 'https://kubrick.htvapps.com/htv-prod-media.s3.amazonaws.com/images/gettyimages-1743104649-68e0e32128424.jpg?crop=1.00xw:0.846xh;0,0.0817xh&resize=300:*', 'sailthru.image.thumb': 'https://kubrick.htvapps.com/htv-prod-media.s3.amazonaws.com/images/gettyimages-1743104649-68e0e32128424.jpg?crop=1.00xw:0.846xh;0,0.0817xh&resize=50:50', 'date': '2025-10-04T09:08:00Z', 'datepublished': '2025-10-04T09:08:00Z', 'datemodified': '2025-10-04T09:18:21.630299Z', 'category': 'National News', 'sailthru.tags': 'news,national-news', 'parsely-link': 'https://www.wdsu.com/article/iran-executes-6-death-row-inmates-it-alleges-carried-out-attacks-on-behalf-of-israel/68821823'})","Iran's foreign minister has held *** telephone call with his counterparts in Germany, France, and the United Kingdom over their threat to potentially snap back sanctions on Iran over its nuclear program. Now the snap back mechanism is part of Tehran's 2015 nuclear deal it struck with world powers that saw Tehran limit its enrichment of uranium. In exchange for the lifting of economic sanctions now in the deal, there was *** part of it that said that any of those members of the deal could go and declare Iran in noncompliance with it, setting forth the clock that ultimately would snap back those UN sanctions. Now Iran contends that these European nations can't do that. They point to the fact. America unilaterally withdrew from the deal in 2018, setting up years of tensions over the program that saw Iran up its enrichment to about 60% purity, *** short step away from weapons grade levels. That enrichment and other issues saw Israel launch its unprecedented 12 day war on Iran back in June. Now as of right now, the European nations and Iran are both saying that there will be another round of talks next week, but the clock is ticking. The Europeans had said if Iran doesn't reach an agreement by the end of the month, that it will start the snapback process, and that could mean more pressure on Iran's ailing economy.Advertisement Iran executes 6 death-row inmates it alleges carried out attacks on behalf of Israel The executions follow a 12-day Iran-Israel war in June Editorial Standards ⓘIran executed six death-row inmates on Saturday, whom it alleged carried out attacks in the country's oil-rich southwest on behalf of Israel, the latest prisoners to be put to death in a wave of executions believed to be the highest in decades.Related video above: Iran confers with European nations on its nuclear program as sanctions deadline nears (08/24/25)The executions follow the 12-day Iran-Israel war in June, which ended with Tehran vowing it would target its enemies at home and abroad. However, activists warn Iran often relies on coerced confessions and closed-door trials in its death penalty cases, particularly those involving Israel.Iran said the men killed police officers and security forces, as well as orchestrated bombings targeting sites around Khorramshahr in Iran's restive Khuzestan province. Iranian state television aired footage of one of the men talking about the attacks, saying it was the first time the details were being made public.A Kurdish group called the Hengaw Organization for Human Rights reported the men's execution, identifying them all as ""Arab political prisoners"" detained during protests in 2019. It said Iran had accused the men of having links to the Arab Struggle Movement for the Liberation of Ahvaz, which has launched attacks against oil pipelines in Iran's southwest in the past and other attacks.""The six men were subjected to severe torture and coerced into giving televised 'confessions' under duress,"" Hengaw said.The Arab population of Khuzestan has long complained of discrimination by Iran's central government. The region also has been roiled like other parts of Iran in the waves of nationwide protests the country has seen in recent years.Iran separately put to death another inmate Saturday, it accused of killing a Sunni cleric in 2009 in Iran's Kurdistan province, among other crimes.In response to those protests and the June war, Iran has been putting prisoners to death at a pace unseen since 1988, when it executed thousands at the end of the Iran-Iraq war.The Oslo-based group Iran Human Rights and the Washington-based Abdorrahman Boroumand Center for Human Rights in Iran put the number of people executed in 2025 at over 1,000, noting the figure could be higher as Iran does not report on each execution.Independent human rights experts at the United Nations have also criticized Iran's executions.Associated Press writer Amir Vahdat in Tehran, Iran, contributed to this report.","Iran's foreign minister has held *** telephone call with his counterparts in Germany, France, and the United Kingdom over their threat to potentially snap back sanctions on Iran over its nuclear program.
Now the snap back mechanism is part of Tehran's 2015 nuclear deal it struck with world powers that saw Tehran limit its enrichment of uranium.
Now Iran contends that these European nations can't do that.
That enrichment and other issues saw Israel launch its unprecedented 12 day war on Iran back in June.
Now as of right now, the European nations and Iran are both saying that there will be another round of talks next week, but the clock is ticking.","2025-10-04 09:08:00+00:00","['irans', 'iran', 'human', 'attacks', 'rights', 'israel', 'alleges', 'sanctions', 'carried', 'deathrow', 'inmates', 'men', 'death', 'war', 'executes', 'nations', 'behalf', 'deal']","https://www.koco.com/article/iran-executes-6-death-row-inmates-it-alleges-carried-out-attacks-on-behalf-of-israel/68821823",""
"Zelenskyy following EPC summit: Europe faces many challenges today, but there’s only one effective response to them all – unity","defaultdict(<class 'dict'>, {'viewport': 'width=device-width, initial-scale=1', 'description': ""Meetings on the sidelines of the European Political Community (EPC) summit in Copenhagen, Denmark, were productive. Leaders of all countries discussed security guarantees, increased pressure on Russia, the implementation of the PURL mechanism, which provides for the financing of the purchase of American weapons and ammunition from European partners, and the EU's SAFE rearmament initiative, Ukrainian President Volodymyr Zelenskyy reported."", 'keywords': 'epc, zelenskyy, summit', 'news_keywords': 'epc, zelenskyy, summit', 'og': {'url': 'https://en.interfax.com.ua/news/general/1109748.html', 'type': 'article', 'title': 'Zelenskyy following EPC summit: Europe faces many challenges today, but there’s only one effective response to them all – unity', 'description': ""Meetings on the sidelines of the European Political Community (EPC) summit in Copenhagen, Denmark, were productive. Leaders of all countries discussed security guarantees, increased pressure on Russia, the implementation of the PURL mechanism, which provides for the financing of the purchase of American weapons and ammunition from European partners, and the EU's SAFE rearmament initiative, Ukrainian President Volodymyr Zelenskyy reported."", 'image': 'https://media.interfax.com.ua/media/thumbs/images/2025/10/avfau/-NWxIsCTK203.jpg', 'site_name': 'Interfax-Ukraine'}, 'twitter': {'card': 'summary_large_image', 'site': '@Interfax-Ukraine', 'title': 'Zelenskyy following EPC summit: Europe faces many challenges today, but there’s only one effective response to them all – unity', 'description': ""Meetings on the sidelines of the European Political Community (EPC) summit in Copenhagen, Denmark, were productive. Leaders of all countries discussed security guarantees, increased pressure on Russia, the implementation of the PURL mechanism, which provides for the financing of the purchase of American weapons and ammunition from European partners, and the EU's SAFE rearmament initiative, Ukrainian President Volodymyr Zelenskyy reported."", 'image': 'https://media.interfax.com.ua/media/thumbs/images/2025/10/avfau/-NWxIsCTK203.jpg'}, 'fb': {'app_id': 871226632922515}})","Zelenskyy following EPC summit: Europe faces many challenges today, but there’s only one effective response to them all – unityPhoto: https://t.me/V_Zelenskiy_officialMeetings on the sidelines of the European Political Community (EPC) summit in Copenhagen, Denmark, were productive. Leaders of all countries discussed security guarantees, increased pressure on Russia, the implementation of the PURL mechanism, which provides for the financing of the purchase of American weapons and ammunition from European partners, and the EU's SAFE rearmament initiative, Ukrainian President Volodymyr Zelenskyy reported.“Europe faces many challenges today, but there is only one effective response to them all – unity. Unity in every decision made for our collective defense. The PURL initiative and the SAFE instrument, security guarantees for Ukraine, pressure on Russia and the European Union’s new robust sanctions package, the use of frozen Russian assets, and the European future of Ukraine, Moldova, and the Western Balkans – we discussed all these issues in detail with every leader, and we count on full support,” Zelenskyy said on X Saturday.According to him, the implementation of current bilateral projects with Ukraine was also discussed with the leader of each country that participated in the EPC summit.“Europe must be protected from any threats. Only joint action and combined efforts can guarantee real security. I am grateful to everyone who understands this and is ready to work in this way,” Zelenskyy summed up.As reported, the seventh meeting of the European Political Community in Copenhagen brought together heads of state and government from 47 European countries. NATO Secretary General Mark Rutte also participated in the event. Denmark currently holds the EU Presidency.","Zelenskyy following EPC summit: Europe faces many challenges today, but there’s only one effective response to them all – unityPhoto: https://t.me/V_Zelenskiy_officialMeetings on the sidelines of the European Political Community (EPC) summit in Copenhagen, Denmark, were productive.
“Europe faces many challenges today, but there is only one effective response to them all – unity.
According to him, the implementation of current bilateral projects with Ukraine was also discussed with the leader of each country that participated in the EPC summit.
I am grateful to everyone who understands this and is ready to work in this way,” Zelenskyy summed up.
As reported, the seventh meeting of the European Political Community in Copenhagen brought together heads of state and government from 47 European countries.","2025-11-19 00:00:00","['theres', 'epc', 'zelenskyy', 'european', 'response', 'faces', 'europe', 'discussed', 'following', 'safe', 'security', 'ukraine', 'today', 'unity', 'summit']","https://en.interfax.com.ua/news/general/1109748.html",""
"KUNA : Iran says Cairo agreement with IAEA no longer valid after UN sanctions snapback","defaultdict(<class 'dict'>, {'viewport': 'width=device-width, initial-scale=1.0'})","05/10/2025 LOC15:34 12:34 GMTTEHRAN, Oct 5 (KUNA) -- Iranian Foreign Minister Abbas Araghchi announced on Sunday that the Cairo Agreement no longer constitutes a basis for cooperation between Tehran and International Atomic Energy Agency (IAEA), following the reactivation of United Nations sanctions on Iran.Speaking to reporters after a meeting with foreign ambassadors and heads of diplomatic missions accredited to Iran, Araghchi stated that the activation of the snapback mechanism has changed all circumstances.He added that Iran is now facing a new situation that requires new decisions, and will announce the decision regarding the continuation of cooperation with the IAEA soon.Iran had signed a new agreement with the IAEA in the Egyptian capital, Cairo, on the ninth of September, outlining practical steps to continue inspection activities at Iranian nuclear facilities.The UN Security Council recently rejected a joint Russian-Chinese draft resolution that called for extending the suspension of sanctions on Iran for an additional six months under the 2015 nuclear agreement. Only four member states voted in favor of the proposal.With the activation of the snapback mechanism, all UN sanctions previously lifted under the Joint Comprehensive Plan of Action (JCPOA) have been reinstated. This mechanism allows for the reimposition of international sanctions if it is determined that Iran has failed to meet its commitments.The reinstated sanctions include a renewed arms embargo, bans on uranium enrichment and reprocessing activities, restrictions on ballistic missile cooperation, a global asset freeze, travel bans, and extensive limitations on Iran's energy sector. (end) mw.dss","Speaking to reporters after a meeting with foreign ambassadors and heads of diplomatic missions accredited to Iran, Araghchi stated that the activation of the snapback mechanism has changed all circumstances.
Iran had signed a new agreement with the IAEA in the Egyptian capital, Cairo, on the ninth of September, outlining practical steps to continue inspection activities at Iranian nuclear facilities.
The UN Security Council recently rejected a joint Russian-Chinese draft resolution that called for extending the suspension of sanctions on Iran for an additional six months under the 2015 nuclear agreement.
With the activation of the snapback mechanism, all UN sanctions previously lifted under the Joint Comprehensive Plan of Action (JCPOA) have been reinstated.
This mechanism allows for the reimposition of international sanctions if it is determined that Iran has failed to meet its commitments.","2025-11-19 00:00:00","['cooperation', 'iran', 'joint', 'agreement', 'valid', 'nuclear', 'sanctions', 'reinstated', 'snapback', 'mechanism', 'cairo', 'kuna', 'longer', 'iaea']","https://www.kuna.net.kw/ArticleDetails.aspx?id=3251583&language=en",""
"Over half of Australians support sanctions on Israel and its leaders for ongoing attacks on Gaza, poll shows","defaultdict(<class 'dict'>, {'description': 'Survey finds 57% of respondents agreed government should impose similar sanctions on Israel as those against Russia for its invasion of Ukraine', 'viewport': 'width=device-width,minimum-scale=1,initial-scale=1', 'theme-color': '#052962', 'og': {'url': 'https://www.theguardian.com/australia-news/2025/oct/06/over-half-of-australians-support-sanctions-on-israel-and-its-leaders-for-ongoing-attacks-on-gaza-poll-shows', 'image': {'identifier': 'https://i.guim.co.uk/img/media/56b5d793d2a78eaf34a0a8bddd7646d0cfd934b3/554_0_3932_3146/master/3932.jpg?width=1200&height=630&quality=85&auto=format&fit=crop&precrop=40:21,offset-x50,offset-y0&overlay-align=bottom%2Cleft&overlay-width=100p&overlay-base64=L2ltZy9zdGF0aWMvb3ZlcmxheXMvdGctZGVmYXVsdC5wbmc&enable=upscale&s=5fff795619da9f04b929936a7f5ddf33', 'height': 960}, 'title': 'Over half of Australians support sanctions on Israel and its leaders for ongoing attacks on Gaza, poll shows', 'description': 'Survey finds 57% of respondents agreed government should impose similar sanctions on Israel as those against Russia for its invasion of Ukraine', 'type': 'article', 'site_name': 'the Guardian'}, 'article': {'author': 'https://www.theguardian.com/profile/sarah-basford-canales', 'publisher': 'https://www.facebook.com/theguardian', 'modified_time': '2025-10-05T20:50:14.000Z', 'section': 'Australia news', 'published_time': '2025-10-05T14:00:37.000Z', 'tag': 'Australian foreign policy,Australia news,Australian politics,Gaza,Israel-Gaza war'}, 'al': {'ios': {'url': 'gnmguardian://australia-news/2025/oct/06/over-half-of-australians-support-sanctions-on-israel-and-its-leaders-for-ongoing-attacks-on-gaza-poll-shows?contenttype=Article&source=applinks', 'app_store_id': 409128287, 'app_name': 'The Guardian'}}, 'fb': {'app_id': 180444840287}, 'twitter': {'dnt': 'on', 'app': {'id': {'iphone': 409128287, 'ipad': 409128287, 'googleplay': 'com.guardian'}, 'name': {'googleplay': 'The Guardian', 'ipad': 'The Guardian', 'iphone': 'The Guardian'}, 'url': {'googleplay': 'guardian://www.theguardian.com/australia-news/2025/oct/06/over-half-of-australians-support-sanctions-on-israel-and-its-leaders-for-ongoing-attacks-on-gaza-poll-shows', 'iphone': 'gnmguardian://australia-news/2025/oct/06/over-half-of-australians-support-sanctions-on-israel-and-its-leaders-for-ongoing-attacks-on-gaza-poll-shows?contenttype=Article&source=twitter', 'ipad': 'gnmguardian://australia-news/2025/oct/06/over-half-of-australians-support-sanctions-on-israel-and-its-leaders-for-ongoing-attacks-on-gaza-poll-shows?contenttype=Article&source=twitter'}}, 'card': 'summary_large_image', 'image': 'https://i.guim.co.uk/img/media/56b5d793d2a78eaf34a0a8bddd7646d0cfd934b3/554_0_3932_3146/master/3932.jpg?width=1200&height=630&quality=85&auto=format&fit=crop&precrop=40:21,offset-x50,offset-y0&overlay-align=bottom%2Cleft&overlay-width=100p&overlay-base64=L2ltZy9zdGF0aWMvb3ZlcmxheXMvdGctZGVmYXVsdC5wbmc&s=64e7f1fa4193cc03793963a224a05773', 'site': '@guardian'}, 'robots': 'max-image-preview:large'})","Australians are supportive of placing tough sanctions on Israel and its leaders for their role in attacking Gaza, with a new poll finding more than half of voters agree the federal government should extend sanctions placed on Russia to Israel.The YouGov poll, commissioned by the Australia Palestine Advocacy Network (APAN) and released Monday, shows the majority of Australians want Israel to end its assault on Gaza, with 69% agreeing – 53% “strongly” agreeing – the Netanyahu government’s military campaign should stop. Fourteen per cent disagreed.The survey of 1,500 voting-aged Australians suggests the public is broadly supportive of the government playing a more decisive role in bringing the bloody two-year war to an end.Sign up: AU Breaking News emailThe poll’s release coincides with a new offensive by Israeli forces on Gaza City as the Palestinian militant group, Hamas, considers a peace and reconstruction plan proposed by the US president, Donald Trump.It found that 57% of respondents agreed Australia should impose similar sanctions on Israel as those against Russia after its illegal invasion of Ukraine. Of those in favour of sanctions, 34% said they strongly agreed while 24% somewhat agreed.Those opposed – 21% – were more likely to be older and vote for the Coalition or One Nation. The poll included respondents of all voting intentions, genders, religions and education levels.In a related but separate question, 54% supported Australia sanctioning Israel’s government and military leaders in response to their actions in Gaza, while 22% were opposed.Of the Labor voters who responded to the question, 68% expressed support while 9% were against it. Coalition voters were split with 39% in support of sanctions against Israeli leaders while 40% opposed the move.Support for preventing trade between the Australian government and companies involved in the war in Gaza and the occupation of the West Bank was also broadly supported with 53% – and 33% strongly – in favour. About 19% said they were against halting trade.Both Labor and Greens supporters were overwhelmingly in favour of stronger sanctions action. Forty-one per cent of Coalition supporters said they agreed with banning trade between the Australian government and companies involved in Gaza and West Bank occupation, while 32% said they were opposed.Asked whether a genocide is occurring in Gaza after the release of the UN commission of inquiry’s report in September, 58% of respondents agreed while 16% disagreed.The vast majority of respondents who identified themselves as Labor and Greens supporters agreed a genocide was happening, while Coalition voters were more divided with 46% saying they agreed and 28% saying they did not.The president of APAN, Nasser Mashni, said the polling showed Australians wanted the federal government to play a more active role in the stopping the conflict.“People know that when there’s a genocide, the Australian government has an obligation to act. They also know that the media in Australia needs to be better at accurately reporting on the evidence that they see come straight from people and fellow journalists in Gaza,” Mashni said.“There’s strong support across the political spectrum in every demographic, overwhelmingly identifying Israel’s actions as genocide and calling for sanctions and for people to stand with Palestine.”Australia joined with the UK, Canada, New Zealand and Norway in June in placing financial sanctions and travel bans on two Israeli government ministers in response to serious human rights violations and abuses against Palestinians in the West Bank.The government recognised Palestine as a sovereign and independent state at the UN general assembly last month but has yet to bow to further domestic pressure in response to a report by the UN commission of inquiry, which found statements made by Israeli authorities, including Israeli prime minister Benjamin Netanyahu, are “direct evidence of genocidal intent”.This week will mark two years since the 7 October attacks on southern Israel by Hamas, who killed approximately 1,200 people and kidnapped about 250.Israel’s offensive has reduced much of Gaza to rubble and so far killed 66,055 Palestinians, also mostly civilians. More than 160,000 are thought to have been injured.Guardian Australia approached the Israeli embassy and the Palestinian delegation in Australia for comment.","Australians are supportive of placing tough sanctions on Israel and its leaders for their role in attacking Gaza, with a new poll finding more than half of voters agree the federal government should extend sanctions placed on Russia to Israel.
It found that 57% of respondents agreed Australia should impose similar sanctions on Israel as those against Russia after its illegal invasion of Ukraine.
Of those in favour of sanctions, 34% said they strongly agreed while 24% somewhat agreed.
Coalition voters were split with 39% in support of sanctions against Israeli leaders while 40% opposed the move.
Asked whether a genocide is occurring in Gaza after the release of the UN commission of inquiry’s report in September, 58% of respondents agreed while 16% disagreed.","2025-10-06 00:00:00","['agreed', 'poll', 'shows', 'israeli', 'israel', 'genocide', 'sanctions', 'leaders', 'half', 'support', 'ongoing', 'australia', 'coalition', 'respondents', 'gaza', 'australians', 'voters']","https://www.theguardian.com/australia-news/2025/oct/06/over-half-of-australians-support-sanctions-on-israel-and-its-leaders-for-ongoing-attacks-on-gaza-poll-shows",""
"Will Snapback Sanctions Curtail Iran’s Nuclear Program? Here’s What Experts Think","defaultdict(<class 'dict'>, {'viewport': 'width=device-width, initial-scale=1', 'description': 'Olli Heinonen, a former deputy director general of the IAEA, said, ‘We should not yet conclude that Iran’s program has been destroyed.’', 'robots': 'index, follow', 'googlebot': 'index, follow', 'build-version': '2.32.2', 'og': {'title': 'Will Snapback Sanctions Curtail Iran’s Nuclear Program? Here’s What Experts Think', 'description': 'Olli Heinonen, a former deputy director general of the IAEA, said, ‘We should not yet conclude that Iran’s program has been destroyed.’', 'url': 'https://www.theepochtimes.com/world/will-snapback-sanctions-curtail-irans-nuclear-program-heres-what-the-experts-think-5921819', 'site_name': 'The Epoch Times', 'locale': 'en-US', 'image': 'https://img.theepochtimes.com/assets/uploads/2025/09/id5921398-1.tagreuters.com2025binary_LYNXNPEL8Q050-FILEDIMAGE-1080x720.jpg', 'type': 'website'}, 'twitter': {'card': 'summary_large_image', 'site': '@EpochTimes', 'title': 'Will Snapback Sanctions Curtail Iran’s Nuclear Program? Here’s What Experts Think', 'description': 'Olli Heinonen, a former deputy director general of the IAEA, said, ‘We should not yet conclude that Iran’s program has been destroyed.’', 'image': 'https://img.theepochtimes.com/assets/uploads/2025/09/id5921398-1.tagreuters.com2025binary_LYNXNPEL8Q050-FILEDIMAGE-1080x720.jpg'}})","Olli Heinonen, a former deputy director general of the IAEA, said, ‘We should not yet conclude that Iran’s program has been destroyed.’Members of the United Nations Security Council vote against a resolution that would permanently lift U.N. sanctions on Iran at the U.N. headquarters in New York City on Sept. 19, 2025.Members of the United Nations Security Council vote against a resolution that would permanently lift U.N. sanctions on Iran at the U.N. headquarters in New York City on Sept. 19, 2025. Eduardo Munoz/ReutersThe return of sanctions on Iran, reinstated on Sept. 27, was initiated by the UK, France, and Germany at the United Nations Security Council, following accusations that the Middle East nation violated an agreement intended to prevent it from building a nuclear warhead.Doubts remain over whether the reimposition of sanctions on Iran—suspended in 2015 following the Joint Comprehensive Plan of Action—will curb Tehran’s nuclear ambitions.","Olli Heinonen, a former deputy director general of the IAEA, said, ‘We should not yet conclude that Iran’s program has been destroyed.’Members of the United Nations Security Council vote against a resolution that would permanently lift U.N. sanctions on Iran at the U.N. headquarters in New York City on Sept. 19, 2025.
Members of the United Nations Security Council vote against a resolution that would permanently lift U.N. sanctions on Iran at the U.N. headquarters in New York City on Sept. 19, 2025.
Eduardo Munoz/ReutersThe return of sanctions on Iran, reinstated on Sept. 27, was initiated by the UK, France, and Germany at the United Nations Security Council, following accusations that the Middle East nation violated an agreement intended to prevent it from building a nuclear warhead.
Doubts remain over whether the reimposition of sanctions on Iran—suspended in 2015 following the Joint Comprehensive Plan of Action—will curb Tehran’s nuclear ambitions.","2025-11-19 00:00:00","['irans', 'curtail', 'iran', 'vote', 'heres', 'program', 'nuclear', 'sanctions', 'council', 'experts', 'resolution', 'snapback', 'think', 'united', 'security', 'york', 'nations', 'sept']","https://www.theepochtimes.com/world/will-snapback-sanctions-curtail-irans-nuclear-program-heres-what-the-experts-think-5921819",""
"Iran Parliament Approves Plan to Slash 4 Zeros from Currency","defaultdict(<class 'dict'>, {'description': ""Iran's parliament on Sunday approved a plan to remove four zeros from the national currency, the rial, which has sharply depreciated as the country grapples with renewed sanctions. Lawmakers passed the bill two months after a parliamentary commission revived the long-stalled proposal aimed at simplifying transactions, AFP quoted the legislature's website as saying. Under the plan, 10,000 current rials will be replaced by one new rial. Both versions will circulate for up to three years, with the central bank given two years to launch the transition."", 'og': {'type': 'Article', 'url': 'https://english.aawsat.com/node/5193803', 'title': 'Iran Parliament Approves Plan to Slash 4 Zeros from Currency', 'description': ""Iran's parliament on Sunday approved a plan to remove four zeros from the national currency, the rial, which has sharply depreciated as the country grapples with renewed sanctions. Lawmakers passed the bill two months after a parliamentary commission revived the long-stalled proposal aimed at simplifying transactions, AFP quoted the legislature's website as saying. Under the plan, 10,000 current rials will be replaced by one new rial. Both versions will circulate for up to three years, with the central bank given two years to launch the transition."", 'image': {'identifier': 'https://static.srpcdigital.com/styles/1200x600/public/2025-10/1223167_0.jpeg.webp', 'url': 'https://static.srpcdigital.com/styles/1200x600/public/2025-10/1223167_0.jpeg.webp', 'secure_url': 'https://static.srpcdigital.com/styles/1200x600/public/2025-10/1223167_0.jpeg.webp'}}, 'twitter': {'card': 'summary_large_image', 'title': 'Iran Parliament Approves Plan to Slash 4 Zeros from Currency', 'url': 'https://english.aawsat.com/node/5193803', 'image': 'https://static.srpcdigital.com/styles/1200x600/public/2025-10/1223167_0.jpeg.webp'}, 'MobileOptimized': 'width', 'HandheldFriendly': 'true', 'viewport': 'width=device-width, initial-scale=1.0', 'robots': 'index'})","Saudi-US Investment Forum Unveils Major Energy, Tech, Finance DealsSaudi Investment Minister Khalid Al-Falih speaks at the forum in Washington on Wednesday. (Saudi-US Investment Forum)Washington hosted the Saudi-US Investment Forum on Wednesday, an event described as a strategic bridge marking a decade of shared growth and innovation between Saudi Arabia and the United States.Prince Mohammed bin Salman, Saudi Crown Prince and Prime Minister, and US President Donald Trump are set to attend. Crown Prince Mohammed was on official visit to the US that he kicked off on Tuesday.The presence of both leaders raised expectations of wide ranging announcements covering major strategic agreements in key sectors such as energy, technology, and finance.The forum opened with welcoming remarks by Saudi Investment Minister, Khalid Al-Falih and US Commerce Secretary Howard Lutnick.Al-Falih said Crown Prince Mohammed's visit to Washington underscored the strength of the US-Saudi partnership and that it would see the launch of agreements worth hundreds of billions of dollars.According to the minister, the relationship shared between the Kingdom and the US, which has continued for nine decades, has had a major impact on both countries.The US is the largest foreign investor in Saudi Arabia, and the US is also the largest recipient of Saudi foreign investment.Lutnick, for his part, said the strategic partnership is expanding into horizons not seen before.He said Trump secured 600 billion dollars in Saudi investment commitments during a visit to Riyadh in May, along with 142 billion dollars in defense and security agreements, which he described as the largest defense deal in history.Lutnick described the figure rising to one trillion dollars as astonishing.During a meeting with Trump at the White House on Tuesday, Crown Prince Mohammed said the Kingdom aims to raise investments to one trillion dollars.Lutnick added that these investments would create real jobs across the United States, strengthen American innovation, and support prosperity.He revealed that Washington is pursuing a strategy of mutual trade and strategic investment. The Commerce Department, according to Lutnick, will help companies invest quickly in artificial intelligence.He highlighted Saudi Arabia’s role in strengthening supply chains for strategic minerals, saying the Kingdom is a key partner in efforts to ensure secure supply chains.Energy leadersA flagship session at the forum brought together three of the world’s most prominent energy industry leaders: Amin Nasser, chief executive of Saudi Aramco, Mohammad Abunayyan, chairman of ACWA Power, and Michael Wirth, chairman and chief executive of US-based Chevron.The panel discussed the future of global energy amid rapid transformation, with a particular focus on the Saudi-US strategic partnership.Wirth said Chevron was the first company to discover oil in Saudi Arabia in 1938 through Dammam Well Number 7, known as the “Prosperity Well.”Chevron remains the only company, alongside Aramco, that continues to operate production facilities inside the Kingdom in the Partitioned Zone with Kuwait, he added.Nasser said Aramco purchases 15 billion dollars worth of American goods and services each year and that many US companies have set up manufacturing facilities in the Kingdom as a result of the strategic relationship.He also announced new memorandums of understanding in the energy sector with American firms worth 30 billion dollars, bringing total agreements signed this year to more than 120 billion dollars.The speakers said the US will account for about 40 percent of the global energy market by 2040, driven by low gas production costs, technological innovation, and strong availability of capital and talent.They described the US as the “world’s innovation hub,” noting that it hosts 60 to 70 percent of global venture capital investment and most of Aramco’s research and development centers outside the Kingdom.‘Added energy’Nasser rejected the term “energy transition,” promoting instead the idea of “added energy.” He said hydrocarbons still make up 80 percent of the global energy mix despite one trillion dollars invested in alternatives over the past fifteen years.He forecast continued growth in oil and gas demand through 2050 and beyond, driven by the expanding middle class in emerging markets, strong electricity needs from data centers and artificial intelligence, and growing demand for cooling and heating that he said would exceed data center demand by several multiples.Nasser warned that 90 percent of sector investment since 2019 has gone toward offsetting natural production decline at a rate of six percent a year.He said continued underinvestment of four to six percent annually, combined with inflation, could erode spare capacity and create a supply crisis in the coming years.Green energyAbunayyan said Saudi Arabia will become a global hub for exporting clean electricity and green energy, particularly green and blue hyd","Saudi-US Investment Forum Unveils Major Energy, Tech, Finance DealsSaudi Investment Minister Khalid Al-Falih speaks at the forum in Washington on Wednesday.
The forum opened with welcoming remarks by Saudi Investment Minister, Khalid Al-Falih and US Commerce Secretary Howard Lutnick.
He revealed that Washington is pursuing a strategy of mutual trade and strategic investment.
The panel discussed the future of global energy amid rapid transformation, with a particular focus on the Saudi-US strategic partnership.
He also announced new memorandums of understanding in the energy sector with American firms worth 30 billion dollars, bringing total agreements signed this year to more than 120 billion dollars.","2025-11-19 00:00:00","['plan', 'iran', 'energy', 'dollars', 'global', 'saudi', 'parliament', 'kingdom', 'electricity', 'strategic', 'currency', 'slash', 'forum', 'billion', 'approves', 'zeros', 'investment']","https://english.aawsat.com/business/5193803-iran-parliament-approves-plan-slash-4-zeros-currency",""
"Iran declares cooperation with IAEA irrelevant after sanctions return","defaultdict(<class 'dict'>, {'viewport': 'width=device-width, initial-scale=1', 'TITLE': 'Iran declares cooperation with IAEA irrelevant after sanctions return | World | The News International', 'description': ""Iran's foreign minister declared on Sunday that engagement with the UN nuclear watchdog has lost its relevance after international sanctions were reinstated on Tehran.The Cairo agreement is no..."", 'author': 'AFP', 'article': {'published_time': '2025-10-05T16:54:10+05:00', 'modified_time': '2025-10-05T17:08:39+05:00', 'section': 'World'}, 'og': {'title': 'Iran declares cooperation with IAEA irrelevant after sanctions return', 'image': 'https://www.thenews.com.pk/assets/uploads/updates/2025-10-05/1348759_045706_updates.jpg', 'description': ""Iran's foreign minister declared on Sunday that engagement with the UN nuclear watchdog has lost its relevance after international sanctions were reinstated on Tehran.The Cairo agreement is no..."", 'url': 'https://www.thenews.com.pk/latest/1348759-iran-declares-cooperation-with-iaea-irrelevant-after-sanctions-return', 'locale': 'en_US', 'type': 'article'}, 'twitter': {'card': 'summary_large_image', 'site': '@thenews_intl', 'title': 'Iran declares cooperation with IAEA irrelevant after sanctions return', 'description': ""Iran's foreign minister declared on Sunday that engagement with the UN nuclear watchdog has lost its relevance after international sanctions were reinstated on Tehran.The Cairo agreement is no..."", 'image': 'https://www.thenews.com.pk/assets/uploads/updates/2025-10-05/1348759_045706_updates.jpg'}, 'robots': 'max-image-preview:large', 'apple-mobile-web-app-capable': 'yes', 'apple-mobile-web-app-status-bar-style': 'black-translucent', 'apple-mobile-web-app-title': 'The News International', 'msapplication-TileImage': 'https://www.thenews.com.pk/assets/front/img/tn-icons/144x144.png', 'msapplication-TileColor': '#333333', 'theme-color': '#000000'})","The Iranian flag flutters in front of the International Atomic Energy Agency (IAEA) organisation's headquarters in Vienna, Austria, June 5, 2023. — ReutersIran's foreign minister declared on Sunday that engagement with the UN nuclear watchdog has lost its relevance after international sanctions were reinstated on Tehran.""The Cairo agreement is no longer relevant for our cooperation with the IAEA (International Atomic Energy Agency),"" said Foreign Minister Abbas Araghchi while referring to a September deal with the UN agency.The deal had set up a framework to resume cooperation and allow the watchdog to inspect Iranian sites, after Tehran suspended cooperation following Israeli and US strikes on its key nuclear sites in June.But the agreement lost its significance to Iran as Britain, France, and Germany — signatories to Iran's 2015 nuclear deal — triggered the return of the UN sanctions over Tehran's non-compliance.Tehran had threatened to halt cooperation with the agency if it sought to reimpose the sanctions.""The three European countries thought they had leverage in their hands, threatening to implement a snapback,"" Araghchi said during a meeting with foreign diplomats in Tehran.""Now they have used this lever and seen the results [...] the three European countries have definitely diminished their role and almost eliminated the justification for negotiations with them.""He added that the European trio ""will have a much smaller role than in the past"" in any upcoming diplomacy over Iran's nuclear dossier.Iran accused the IAEA of failing to condemn attacks conducted by its arch-enemies on its nuclear installations, despite being a signatory to the Non-Proliferation Treaty (NPT).Western countries, spearheaded by the US and joined by Israel, accuse Iran of pursuing nuclear weapons and define uranium enrichment as a red line.Iran categorically rejects the accusations, insisting its nuclear programme is solely for civilian purposes and that it has a right to enrichment under the NPT.Some Iranian MPs have floated the idea of leaving the NPT, while President Masoud Pezeshkian has said Iran will remain committed to its obligations under the treaty.Araghchi said Tehran's ""decision regarding cooperation with the agency will be announced"", without elaborating, while adding there was still room for diplomacy.Iran had engaged in talks with the US starting in April to reach a new deal over its nuclear program.However, the June attacks on Iranian nuclear, military and residential sites by Israel brought the talks to a halt.Tehran accused the US of undermining diplomacy and urged guarantees and recognition of its rights before any possible resumption of negotiations.","The Iranian flag flutters in front of the International Atomic Energy Agency (IAEA) organisation's headquarters in Vienna, Austria, June 5, 2023.
""The Cairo agreement is no longer relevant for our cooperation with the IAEA (International Atomic Energy Agency),"" said Foreign Minister Abbas Araghchi while referring to a September deal with the UN agency.
The deal had set up a framework to resume cooperation and allow the watchdog to inspect Iranian sites, after Tehran suspended cooperation following Israeli and US strikes on its key nuclear sites in June.
But the agreement lost its significance to Iran as Britain, France, and Germany — signatories to Iran's 2015 nuclear deal — triggered the return of the UN sanctions over Tehran's non-compliance.
However, the June attacks on Iranian nuclear, military and residential sites by Israel brought the talks to a halt.","2025-10-05 16:54:10+05:00","['cooperation', 'iran', 'sites', 'return', 'irrelevant', 'nuclear', 'sanctions', 'iranian', 'agency', 'declares', 'foreign', 'international', 'deal', 'iaea']","https://www.thenews.com.pk/latest/1348759-iran-declares-cooperation-with-iaea-irrelevant-after-sanctions-return",""
"Iran signals push to address nuclear standoff despite sanctions","defaultdict(<class 'dict'>, {'description': 'Iran\'s foreign minister expressed readiness to resume nuclear talks but described cooperation with the UN atomic watchdog as ""insufficient"" following the reimposition of UN sanctions. He stated that the September accord allowing inspectors back is now inadequate due to ""new circumstances,"" hinting at new decisions and a diminished role for European countries in future negotiations.', 'news_keywords': 'Iran nuclear standoff,UN atomic watchdog cooperation,Iran-US-Europe relations,Nuclear talks,IAEA inspections', 'keywords': 'Iran nuclear standoff,UN atomic watchdog cooperation,Iran-US-Europe relations,Nuclear talks,IAEA inspections', 'article': {'tag': 'IAEA inspections'}, 'expires': '2045-10-06T00:03:00+05:30', 'fb': {'pages': 21540067693, 'app_id': 117787264903013, 'admins': 556964827}, 'robots': 'max-image-preview:large', 'viewport': 'width=device-width, initial-scale=1.0', 'og': {'title': 'Iran signals push to address nuclear standoff despite sanctions', 'description': 'Iran\'s foreign minister expressed readiness to resume nuclear talks but described cooperation with the UN atomic watchdog as ""insufficient"" following the reimposition of UN sanctions. He stated that the September accord allowing inspectors back is now inadequate due to ""new circumstances,"" hinting at new decisions and a diminished role for European countries in future negotiations.', 'site_name': 'The Economic Times', 'type': 'website', 'url': 'https://economictimes.indiatimes.com/news/international/world-news/iran-signals-push-to-address-nuclear-standoff-despite-sanctions/articleshow/124325215.cms', 'image': 'https://img.etimg.com/thumb/msid-124325217,width-1200,height-630,imgsize-78310,overlay-economictimes/articleshow.jpg'}, 'website': 'https://economictimes.indiatimes.com/', 'object_type': 'website', 'twitter': {'card': 'summary_large_image', 'site': '@EconomicTimes', 'url': 'https://economictimes.indiatimes.com/news/international/world-news/iran-signals-push-to-address-nuclear-standoff-despite-sanctions/articleshow/124325215.cms', 'title': 'Iran signals push to address nuclear standoff despite sanctions', 'description': 'Iran\'s foreign minister expressed readiness to resume nuclear talks but described cooperation with the UN atomic watchdog as ""insufficient"" following the reimposition of UN sanctions. He stated that the September accord allowing inspectors back is now inadequate due to ""new circumstances,"" hinting at new decisions and a diminished role for European countries in future negotiations.', 'image': 'https://img.etimg.com/thumb/msid-124325217,width-1200,height-630,imgsize-78310,overlay-economictimes/articleshow.jpg'}})","Live Eventsas a Reliable and Trusted News Source Addas a Reliable and Trusted News Source Add Now!(You can now subscribe to our(You can now subscribe to our Economic Times WhatsApp channelIran's foreign minister said the country is ready to resume efforts to resolve its nuclear standoff but described cooperation with the UN atomic watchdog as ""insufficient.""In comments Sunday on his official Telegram channel to foreign diplomats in Tehran, Abbas Araghchi said Iran is 'ready to pursue any solution that helps build trust' on its nuclear program, adding there is 'no excuse left for Western countries to hinder Iran's cooperation or negotiations.The remarks come a week after the U.S. and European powers urged Iran to return to talks following the reimposition of UN sanctions lifted under the 2015 nuclear deal. The snapback, triggered by the UK, France, and Germany, was prompted by Tehran barring IAEA inspectors from enrichment sites after Israeli and U.S. airstrikes in June.In September, Iran and the Vienna-based IAEA announced a framework in Cairo to allow inspectors back into the country. Araghchi said that accord is now inadequate.""Due to new circumstances, including the snapback mechanism, the Cairo accord is no longer sufficient, and new decisions will be made,"" he said, without clarifying Iran's future engagement with the IAEA. His remarks signal a shift from earlier threats to quit the Non-Proliferation Treaty and suspend cooperation with the agency if UN sanctions were restored.Araghchi also said the role of European countries in potential future talks ""has clearly diminished."" He was Iran's chief negotiator in talks with the Trump administration that collapsed after Israel's June 13 strike on Tehran - just days before a scheduled sixth round of negotiations in Oman.""Even now, if both sides show goodwill and take mutual interests into account, negotiations can continue,"" Araghchi said. ""However, the recent actions at the UN Security Council have made the process more difficult.""","Live Eventsas a Reliable and Trusted News Source Addas a Reliable and Trusted News Source Add Now!
(You can now subscribe to our(You can now subscribe to our Economic Times WhatsApp channelIran's foreign minister said the country is ready to resume efforts to resolve its nuclear standoff but described cooperation with the UN atomic watchdog as ""insufficient.
He was Iran's chief negotiator in talks with the Trump administration that collapsed after Israel's June 13 strike on Tehran - just days before a scheduled sixth round of negotiations in Oman.
""Even now, if both sides show goodwill and take mutual interests into account, negotiations can continue,"" Araghchi said.
""However, the recent actions at the UN Security Council have made the process more difficult.""","2025-11-19 00:00:00","['cooperation', 'address', 'iran', 'tehran', 'talks', 'irans', 'iaea', 'standoff', 'nuclear', 'sanctions', 'despite', 'push', 'trusted', 'subscribe', 'araghchi', 'signals']","https://economictimes.indiatimes.com/news/international/world-news/iran-signals-push-to-address-nuclear-standoff-despite-sanctions/articleshow/124325215.cms",""
"Are YOU a responsible driver? Take our interactive quiz to find out","defaultdict(<class 'dict'>, {'keywords': 'dailymail,money,moneycars', 'news_keywords': 'dailymail,money,moneycars', 'original-source': 'https://www.dailymail.co.uk/money/cars/article-15151631/Are-YOU-responsible-driver-interactive-quiz-out.html', 'description': 'Are YOU a responsible driver? Take our interactive quiz to find out', 'doc-class': 'Living Document', 'verify-v1': 'DXwlrsxbqxSv+FTFkWUfgflBvFJfx2YbNf/HmABrVyY=', 'msvalidate.01': '12E6B4B813EB44C9BFC8F6A21F1D01F5', 'y_key': '1a7e912afbfcab2f', 'MSSmartTagsPreventParsing': 'true', 'twitter': {'account_id': 15438913, 'card': 'summary_large_image', 'title': 'Are YOU a responsible driver? Take our interactive quiz to find out', 'description': 'Are YOU a responsible driver? Take our interactive quiz to find out', 'url': 'https://www.dailymail.co.uk/money/cars/article-15151631/Are-YOU-responsible-driver-interactive-quiz-out.html', 'image': 'https://i.dailymail.co.uk/1s/2025/10/04/01/93190553-0-image-a-10_1759538823864.jpg', 'app': {'id': {'iphone': 384101264, 'ipad': 400442503}}}, 'articleid': 15151631, 'author': 'Rob Hull', 'divclasspage': 'articlePage', 'robots': 'noindex, nofollow', 'googlebot': 'noindex, nofollow', 'mol': {'headline': 'Are YOU a responsible driver? Take our interactive quiz to find out'}, 'article': {'publisher': 'https://www.facebook.com/DailyMail', 'published_time': '2025-10-05T11:42:07+0100', 'modified_time': '2025-10-05T12:50:39+0100', 'cc_modified_time': '2025-10-05T12:50:39+0100', 'section': 'Cars', 'tag': 'Are YOU responsible driver interactive quiz out', 'author': 'https://www.dailymail.co.uk/home/search.html?s=&authornamef=Rob+Hull', 'location': 'region:GB', 'opinion': 'false', 'content_tier': 'free'}, 'mobile-web-app-capable': 'yes', 'fb': {'app_id': 146202712090395, 'pages': 164305410295882}, 'og': {'site_name': 'Mail Online', 'title': 'Are YOU a responsible driver? Take our interactive quiz to find out', 'type': 'article', 'description': 'Are YOU a responsible driver? Take our interactive quiz to find out', 'url': 'https://www.dailymail.co.uk/money/cars/article-15151631/Are-YOU-responsible-driver-interactive-quiz-out.html', 'image': {'identifier': 'https://i.dailymail.co.uk/1s/2025/10/04/01/93190553-0-image-m-12_1759538830905.jpg', 'width': 1200, 'height': 675}}, 'al': {'android': {'url': 'dailymail-fb://article/15151631/', 'package': 'com.dailymail.online', 'app_name': 'Daily Mail Online'}, 'ios': {'url': 'dailymail-fb://article/15151631/', 'app_store_id': 384101264, 'app_name': 'MailOnline'}}})","More than 140,000 licence holders are banned from driving in Britain, latest DVLA figures show, with many more picking up penalty points for a variety of offences.Speeding and the use of phones are among the most common reasons for motorists to be hit with sanctions.While the highway code sets out clear guidance, confusion can prevail for drivers with cyclists, zebra crossings, differing speed limits and other obstacles on the roads.But are YOU a responsible driver? Take the Daily Mail's interactive quiz to find out.","More than 140,000 licence holders are banned from driving in Britain, latest DVLA figures show, with many more picking up penalty points for a variety of offences.
Speeding and the use of phones are among the most common reasons for motorists to be hit with sanctions.
While the highway code sets out clear guidance, confusion can prevail for drivers with cyclists, zebra crossings, differing speed limits and other obstacles on the roads.
But are YOU a responsible driver?
Take the Daily Mail's interactive quiz to find out.","2025-10-05 11:42:07+01:00","['quiz', 'sanctionswhile', 'roadsbut', 'zebra', 'reasons', 'prevail', 'interactive', 'driver', 'speed', 'sets', 'responsible', 'variety']","https://www.dailymail.co.uk/money/cars/article-15151631/Are-YOU-responsible-driver-interactive-quiz-out.html",""
"Are YOU a responsible driver? Take our interactive quiz to find out","defaultdict(<class 'dict'>, {'keywords': 'thisismoney,money,moneycars', 'news_keywords': 'thisismoney,money,moneycars', 'original-source': 'https://www.thisismoney.co.uk/money/cars/article-15151631/Are-YOU-responsible-driver-interactive-quiz-out.html', 'description': 'Are YOU a responsible driver? Take our interactive quiz to find out', 'doc-class': 'Living Document', 'verify-v1': 'DXwlrsxbqxSv+FTFkWUfgflBvFJfx2YbNf/HmABrVyY=', 'msvalidate.01': '12E6B4B813EB44C9BFC8F6A21F1D01F5', 'y_key': '1a7e912afbfcab2f', 'MSSmartTagsPreventParsing': 'true', 'twitter': {'account_id': 15438913, 'card': 'summary_large_image', 'title': 'Are YOU a responsible driver? Take our interactive quiz to find out', 'description': 'Are YOU a responsible driver? Take our interactive quiz to find out', 'url': 'https://www.thisismoney.co.uk/money/cars/article-15151631/Are-YOU-responsible-driver-interactive-quiz-out.html', 'image': 'https://i.dailymail.co.uk/1s/2025/10/04/01/93190553-0-image-a-10_1759538823864.jpg', 'app': {'id': {'iphone': 384101264, 'ipad': 400442503}}}, 'articleid': 15151631, 'author': 'Rob Hull', 'divclasspage': 'articlePage', 'robots': 'max-image-preview:large', 'googlebot': 'max-image-preview:large', 'mol': {'headline': 'Are YOU a responsible driver? Take our interactive quiz to find out'}, 'article': {'publisher': 'https://www.facebook.com/DailyMail', 'published_time': '2025-10-05T11:42:07+0100', 'modified_time': '2025-10-05T12:50:39+0100', 'cc_modified_time': '2025-10-05T12:50:39+0100', 'section': 'Cars', 'tag': 'Are YOU responsible driver interactive quiz out', 'author': 'https://www.dailymail.co.uk/home/search.html?s=&authornamef=Rob+Hull', 'location': 'region:GB', 'opinion': 'false', 'content_tier': 'free'}, 'mobile-web-app-capable': 'yes', 'fb': {'app_id': 146202712090395, 'pages': 164305410295882}, 'og': {'site_name': 'This is Money', 'title': 'Are YOU a responsible driver? Take our interactive quiz to find out', 'type': 'article', 'description': 'Are YOU a responsible driver? Take our interactive quiz to find out', 'url': 'https://www.thisismoney.co.uk/money/cars/article-15151631/Are-YOU-responsible-driver-interactive-quiz-out.html', 'image': {'identifier': 'https://i.dailymail.co.uk/1s/2025/10/04/01/93190553-0-image-m-12_1759538830905.jpg', 'width': 1200, 'height': 675}}})","More than 140,000 licence holders are banned from driving in Britain, latest DVLA figures show, with many more picking up penalty points for a variety of offences.Speeding and the use of phones are among the most common reasons for motorists to be hit with sanctions.While the highway code sets out clear guidance, confusion can prevail for drivers with cyclists, zebra crossings, differing speed limits and other obstacles on the roads.But are YOU a responsible driver? Take the Daily Mail's interactive quiz to find out.","More than 140,000 licence holders are banned from driving in Britain, latest DVLA figures show, with many more picking up penalty points for a variety of offences.
Speeding and the use of phones are among the most common reasons for motorists to be hit with sanctions.
While the highway code sets out clear guidance, confusion can prevail for drivers with cyclists, zebra crossings, differing speed limits and other obstacles on the roads.
But are YOU a responsible driver?
Take the Daily Mail's interactive quiz to find out.","2025-10-05 11:42:07+01:00","['quiz', 'sanctionswhile', 'roadsbut', 'zebra', 'reasons', 'prevail', 'interactive', 'driver', 'speed', 'sets', 'responsible', 'variety']","https://www.thisismoney.co.uk/money/cars/article-15151631/Are-YOU-responsible-driver-interactive-quiz-out.html",""
"4 BPO firms under DOLE probe for ‘forcing’ workers to stay during quake","defaultdict(<class 'dict'>, {'author': 'Earl Kim H. Padronia', 'news_keywords': 'Business process outsourcing,BPO firms,Cebu quake,Cebu earthquake', 'description': 'Business process outsourcing (BPO) firms face penalties and sanctions if proven to have violated workplace safety protocols.', 'title': '4 BPO firms under DOLE probe for ‘forcing’ workers to stay', 'keywords': 'Business process outsourcing,BPO firms,Cebu quake,Cebu earthquake', 'og': {'type': 'article', 'url': 'https://www.sunstar.com.ph/cebu/4-bpo-firms-under-dole-probe-for-forcing-workers-to-stay-during-quake', 'title': '4 BPO firms under DOLE probe for ‘forcing’ workers to stay during quake', 'description': 'BUSINESS process outsourcing (BPO) firms face penalties and sanctions if proven to have violated workplace safety protocols during the September 30 earthquake b', 'image': {'identifier': 'https://media.assettype.com/sunstar%2F2023-11%2F36f632dc-617c-4b8e-b649-3fafdaa0358e%2Fdole7.jpg?rect=0%2C0%2C750%2C394&w=1200&ar=40%3A21&auto=format%2Ccompress&ogImage=true&mode=crop&enlarge=true&overlay=false&overlay_position=bottom&overlay_width=100', 'width': 1200, 'height': 630, 'alt': 'Dole 7 bars politicians from job fairs'}, 'site_name': 'SunStar Publishing Inc.', 'ttl': 3456000}, 'twitter': {'card': 'summary_large_image', 'title': '4 BPO firms under DOLE probe for ‘forcing’ workers to stay during quake', 'description': 'BUSINESS process outsourcing (BPO) firms face penalties and sanctions if proven to have violated workplace safety protocols during the September 30 earthquake b', 'image': {'identifier': 'https://media.assettype.com/sunstar%2F2023-11%2F36f632dc-617c-4b8e-b649-3fafdaa0358e%2Fdole7.jpg?rect=0%2C0%2C750%2C394&w=1200&ar=40%3A21&auto=format%2Ccompress&ogImage=true&mode=crop&enlarge=true&overlay=false&overlay_position=bottom&overlay_width=100', 'alt': 'Dole 7 bars politicians from job fairs'}, 'creator': 'Earl Kim H. Padronia', 'site': '@sunstarcebu', 'domain': 'https://www.sunstar.com.ph'}, 'robots': 'max-image-preview:large', 'fb': {'app_id': 317349777738610}, 'viewport': 'width=device-width, initial-scale=1', 'apple-mobile-web-app-capable': 'yes', 'apple-mobile-web-app-status-bar-style': 'black', 'apple-mobile-web-app-title': 'sunstar', 'theme-color': '#f2f2f2', 'atdlayout': 'article'})","BUSINESS process outsourcing (BPO) firms face penalties and sanctions if proven to have violated workplace safety protocols during the September 30 earthquake by allegedly forcing employees to remain at their workstations.The Department of Labor and Employment in Central Visayas (DOLE 7) has begun investigating at least four business process outsourcing companies out of 10 Cebu-based BPO firms over the allegation.DOLE 7 Director Roy Buenafe told SunStar Cebu on Friday, October 3, 2025, that his office received several reports from BPO employees claiming that some supervisors prevented workers from evacuating and even threatened them with sanctions if they left their stations or failed to report back after the tremor.""Some of the employees evacuated from the building, but others were reportedly sent back to their workstations. Some firms have blocked the exits to prevent the employees from leaving until their shifts end,"" Buenafe said, adding that the agency has retrieved emails and documentation from complainants.""We are now asking companies to clarify the allegations. Our inspectors have been directed to conduct an Occupational Safety and Health Investigation (OSHI) to check and evaluate the situation,"" he added.Labor Advisory 17Buenafe warned all employers, not only the BPO firms, to strictly observe Labor Advisory 17, Series of 2022, which states that during natural calamities such as earthquakes or typhoons, companies must prioritize the safety of workers and cannot penalize those unable to report to work due to safety risks.""This is not an ordinary time. Employers should not issue disciplinary actions against workers who prioritize their safety,"" Buenafe said. ""Likewise, employers who defy this advisory may face sanctions or even the suspension of operations.""He said calamities such as earthquakes are considered to have a ""presumptive imminent danger"" due to the possibility of weakened structural integrity of the building, even with aftershocks.The regional director said the safety of a workplace cannot be guaranteed solely by private management declarations.Only the Office of the Building Official (OBO) or a licensed structural engineer can issue an occupancy permit to certify a building's structural integrity following an earthquake.Until that certification is issued, Dole may order a work stoppage or temporary suspension of operations in the interest of worker safety, Buenafe said.Possible penaltiesBuenafe said violations of Republic Act (RA) 11058, or the Occupational Safety and Health Standards Law, carry corresponding penalties, depending on the gravity of non-compliance.""If companies are found in serious violation or if there's a presumptive imminent danger, Dole can issue a stoppage order for the entire building,"" he said. ""Affected employees will still be paid even if work is suspended due to safety reasons.""DOLE 7 has so far identified four companies under investigation, though Buenafe declined to name them pending ocular inspections and hearings.He added that the agency may release a resolution soon once inspectors complete their reports. On Friday evening, several DOLE 7 inspectors conducted inspections into these firms.The BPO Industry Employees Network (Bien)-Cebu filed formal complaints before DOLE on October 2, alleging that certain firms endangered workers during the September 30 quake by refusing to suspend operations.Cebu City Vice Mayor Tomas Osmeña revealed on Sunday, October 5, that he convened meetings with BPO companies, property managers and labor representatives following complaints that some firms allegedly violated workplace safety protocols during the September 30 earthquake.Osmeña said he met with a representative from a major Cebu-based outsourcing company and talked with the DOLE 7 assistant regional director to discuss worker safety and compliance measures.The vice mayor earlier met with leaders of Bien-Cebu, a labor group that has been coordinating complaints from affected employees, and is set to hold another round of discussions with more BPO firms and property managers tomorrow.""All sides will be heard. Issues will be identified and problems addressed,"" Osmeña said. (EHP)","BUSINESS process outsourcing (BPO) firms face penalties and sanctions if proven to have violated workplace safety protocols during the September 30 earthquake by allegedly forcing employees to remain at their workstations.
The Department of Labor and Employment in Central Visayas (DOLE 7) has begun investigating at least four business process outsourcing companies out of 10 Cebu-based BPO firms over the allegation.
Employers should not issue disciplinary actions against workers who prioritize their safety,"" Buenafe said.
Until that certification is issued, Dole may order a work stoppage or temporary suspension of operations in the interest of worker safety, Buenafe said.
The BPO Industry Employees Network (Bien)-Cebu filed formal complaints before DOLE on October 2, alleging that certain firms endangered workers during the September 30 quake by refusing to suspend operations.","2025-11-19 00:00:00","['quake', 'firms', 'building', 'dole', 'probe', 'buenafe', 'bpo', 'workers', 'labor', 'safety', 'employees', 'companies', 'forcing', 'stay']","https://www.sunstar.com.ph/cebu/4-bpo-firms-under-dole-probe-for-forcing-workers-to-stay-during-quake",""
"Ukraine Hitting Russian Oil Sites, Is It Helping Texas?","defaultdict(<class 'dict'>, {'viewport': 'width=device-width, initial-scale=1.0', 'og': {'locale': 'en_us', 'title': 'Ukraine Hitting Russian Oil Sites, Is It Helping Texas? | NewsRadio 740 KTRH | KTRH Local Houston and Texas News', 'description': 'Ukraine is getting good at attacking oil refineries in Russia, and while it may not help Texas much it is making some political analysts wonder how long Russia can continue to absorb the attacks without hitting back', 'url': 'https://ktrh.iheart.com/featured/houston-texas-news/content/2025-10-04-ukraine-hitting-russian-oil-sites-is-it-helping-texas/', 'image': {'identifier': 'https://i.iheart.com/v3/re/assets.getty/68e1d61a35b604e12580d623?ops=gravity(%22north%22),fit(1200,675),quality(65)', 'width': 1200, 'height': 675}, 'site_name': 'KTRH Local Houston and Texas News', 'type': 'article'}, 'msapplication-TileColor': '#fff', 'msvalidate.01': 'E98E323249F89ACF6294F958692E230B', 'format-detection': 'telephone=no', 'theme-color': '#2a3191', 'twitter': {'title': 'Ukraine Hitting Russian Oil Sites, Is It Helping Texas? | NewsRadio 740 KTRH | KTRH Local Houston and Texas News', 'description': 'Ukraine is getting good at attacking oil refineries in Russia, and while it may not help Texas much it is making some political analysts wonder how long Russia can continue to absorb the attacks without hitting back', 'url': 'https://ktrh.iheart.com/featured/houston-texas-news/content/2025-10-04-ukraine-hitting-russian-oil-sites-is-it-helping-texas/', 'image': 'https://i.iheart.com/v3/re/assets.getty/68e1d61a35b604e12580d623?ops=gravity(%22north%22),fit(1200,675),quality(65)', 'card': 'summary_large_image', 'site': '@ktrhnews', 'creator': '@ktrhnews', 'domain': 'ktrh.iheart.com', 'tile': {'image': {'alt': 'Ukraine is getting good at attacking oil refineries in Russia, and while it may not help Texas much it is making some political analysts wonder how long Russia can continue to absorb the attacks without hitting back'}, 'template': {'testing': 1}}, '': {'tile': {'image': 'https://i.iheart.com/v3/re/assets.getty/68e1d61a35b604e12580d623?ops=gravity(%22north%22),fit(1200,675),quality(65)'}}}, 'description': 'Ukraine is getting good at attacking oil refineries in Russia, and while it may not help Texas much it is making some political analysts wonder how long Russia can continue to absorb the attacks without hitting back', 'keywords': 'local, houston, texas, news', 'thumbnail': 'https://i.iheart.com/v3/re/assets.getty/68e1d61a35b604e12580d623?ops=gravity(%22north%22),fit(1200,675),quality(65)', 'msapplication-TileImage': 'https://i.iheart.com/v3/re/assets.getty/68e1d61a35b604e12580d623?ops=gravity(%22north%22),fit(1200,675),quality(65)', 'application-name': 'NewsRadio 740 KTRH', 'fb': {'app_id': 107754932643325, 'pages': 107735527344}, 'google-site-verification': 'p2FWrUKxtwBmQgHV4CjD80oKdZZBjmMNByoWvZMsYso', 'robots': 'max-image-preview:large', 'categories': 'local-news, politics'})","Ukraine is getting very good at targeting oil refining facilities in Russia, inflicting a lot of damage, but will it have an effect on Texas oil?It's not having a notable effect on the price of gasoline and is only having a minimal influence on the worldwide cost of oil, but it's taking a toll on Vladimir Putin's government, which is facing diminishing trust by some Russians as they wait in lines at some gas stations because it's scarce in some areas.Drone attacks against Russian oil and natural gas refineries over the past few weeks and months have made a large dent in the nation's ability to turn oil into petroleum products, but now the attacks by Ukraine are verging on the catastrophic.Mostly because of these attacks, Russia has lost about 40% of its ability to refine oil, and oil and gas are the nation's lifeblood. Selling oil has allowed Vladimir Putin's government to pay for some of the war against Ukraine.Should Russia lose even more refining abilities, it could somewhat raise the price of oil worldwide, which would be of benefit to Texas (Texas specialty crude oil known as West Texas Intermediate, has been cheaper than it ought to be lately).Texas has a lot of refineries, and there are even more as you go east along the Gulf Coast, so Russia's lost refining power can be of some help here, eventually.So far Russia has been able to sell its oil to China, North Korea and other interested parties, as well as on the black market, despite US sanctions placed on the nation's sale of oil, sanctions that have been increasing since they were placed on Russia after it first attacked Ukraine.But should Ukraine's attack cut a lot more into Russia's refining capacity, it could prompt Russia to become desperate, and that could lead to problems soon, because desperate leaders are known to make irrational moves sometimes.And President Vladimir Putin has access to nuclear, chemical and biological weapons that, if used, would greatly accelerate moves toward war between NATO and Russia.And Putin has warned that if the United States is going to help Ukraine with not only intelligence information but also by providing powerful Tomahawk missiles, the assumptions of the Russia-vs-Ukraine war could be altered to become the Russia-vs-America war, and that's something all sides are trying their best to avoid.","Ukraine is getting very good at targeting oil refining facilities in Russia, inflicting a lot of damage, but will it have an effect on Texas oil?
Drone attacks against Russian oil and natural gas refineries over the past few weeks and months have made a large dent in the nation's ability to turn oil into petroleum products, but now the attacks by Ukraine are verging on the catastrophic.
Mostly because of these attacks, Russia has lost about 40% of its ability to refine oil, and oil and gas are the nation's lifeblood.
Selling oil has allowed Vladimir Putin's government to pay for some of the war against Ukraine.
Should Russia lose even more refining abilities, it could somewhat raise the price of oil worldwide, which would be of benefit to Texas (Texas specialty crude oil known as West Texas Intermediate, has been cheaper than it ought to be lately).","2025-10-04 00:00:00","['oil', 'sites', 'texas', 'lot', 'gas', 'nations', 'hitting', 'ukraine', 'helping', 'russian', 'war', 'refining', 'vladimir', 'russia']","https://ktrh.iheart.com/featured/houston-texas-news/content/2025-10-04-ukraine-hitting-russian-oil-sites-is-it-helping-texas/",""
"Ukraine Hitting Russian Oil Sites, Is It Helping Texas?","defaultdict(<class 'dict'>, {'viewport': 'width=device-width, initial-scale=1.0', 'og': {'locale': 'en_us', 'title': ""Ukraine Hitting Russian Oil Sites, Is It Helping Texas? | News Radio 1200 WOAI | San Antonio's First News"", 'description': 'Ukraine is getting good at attacking oil refineries in Russia, and while it may not help Texas much it is making some political analysts wonder how long Russia can continue to absorb the attacks without hitting back', 'url': 'https://woai.iheart.com/featured/san-antonios-first-news/content/2025-10-04-ukraine-hitting-russian-oil-sites-is-it-helping-texas/', 'image': {'identifier': 'https://i.iheart.com/v3/re/assets.getty/68e1d61a35b604e12580d623?ops=gravity(%22north%22),fit(1200,675),quality(65)', 'width': 1200, 'height': 675}, 'site_name': ""San Antonio's First News"", 'type': 'article'}, 'msapplication-TileColor': '#fff', 'msvalidate.01': 'E98E323249F89ACF6294F958692E230B', 'format-detection': 'telephone=no', 'theme-color': '#004992', 'twitter': {'title': ""Ukraine Hitting Russian Oil Sites, Is It Helping Texas? | News Radio 1200 WOAI | San Antonio's First News"", 'description': 'Ukraine is getting good at attacking oil refineries in Russia, and while it may not help Texas much it is making some political analysts wonder how long Russia can continue to absorb the attacks without hitting back', 'url': 'https://woai.iheart.com/featured/san-antonios-first-news/content/2025-10-04-ukraine-hitting-russian-oil-sites-is-it-helping-texas/', 'image': 'https://i.iheart.com/v3/re/assets.getty/68e1d61a35b604e12580d623?ops=gravity(%22north%22),fit(1200,675),quality(65)', 'card': 'summary_large_image', 'site': '@1200WOAI', 'creator': '@1200WOAI', 'domain': 'woai.iheart.com', 'tile': {'image': {'alt': 'Ukraine is getting good at attacking oil refineries in Russia, and while it may not help Texas much it is making some political analysts wonder how long Russia can continue to absorb the attacks without hitting back'}, 'template': {'testing': 1}}, '': {'tile': {'image': 'https://i.iheart.com/v3/re/assets.getty/68e1d61a35b604e12580d623?ops=gravity(%22north%22),fit(1200,675),quality(65)'}}}, 'description': 'Ukraine is getting good at attacking oil refineries in Russia, and while it may not help Texas much it is making some political analysts wonder how long Russia can continue to absorb the attacks without hitting back', 'keywords': 'San Antonio, News, Traffic, Weather, Sports, Spurs, Chris Duel, Charlie Parker, Charity McCurdy, Mr T', 'thumbnail': 'https://i.iheart.com/v3/re/assets.getty/68e1d61a35b604e12580d623?ops=gravity(%22north%22),fit(1200,675),quality(65)', 'msapplication-TileImage': 'https://i.iheart.com/v3/re/assets.getty/68e1d61a35b604e12580d623?ops=gravity(%22north%22),fit(1200,675),quality(65)', 'application-name': 'News Radio 1200 WOAI', 'fb': {'app_id': 161450467242669, 'pages': 341280283964}, 'google-site-verification': 'p2FWrUKxtwBmQgHV4CjD80oKdZZBjmMNByoWvZMsYso', 'robots': 'max-image-preview:large', 'categories': 'local-news, politics'})","Ukraine is getting very good at targeting oil refining facilities in Russia, inflicting a lot of damage, but will it have an effect on Texas oil?It's not having a notable effect on the price of gasoline and is only having a minimal influence on the worldwide cost of oil, but it's taking a toll on Vladimir Putin's government, which is facing diminishing trust by some Russians as they wait in lines at some gas stations because it's scarce in some areas.Drone attacks against Russian oil and natural gas refineries over the past few weeks and months have made a large dent in the nation's ability to turn oil into petroleum products, but now the attacks by Ukraine are verging on the catastrophic.Mostly because of these attacks, Russia has lost about 40% of its ability to refine oil, and oil and gas are the nation's lifeblood. Selling oil has allowed Vladimir Putin's government to pay for some of the war against Ukraine.Should Russia lose even more refining abilities, it could somewhat raise the price of oil worldwide, which would be of benefit to Texas (Texas specialty crude oil known as West Texas Intermediate, has been cheaper than it ought to be lately).Texas has a lot of refineries, and there are even more as you go east along the Gulf Coast, so Russia's lost refining power can be of some help here, eventually.So far Russia has been able to sell its oil to China, North Korea and other interested parties, as well as on the black market, despite US sanctions placed on the nation's sale of oil, sanctions that have been increasing since they were placed on Russia after it first attacked Ukraine.But should Ukraine's attack cut a lot more into Russia's refining capacity, it could prompt Russia to become desperate, and that could lead to problems soon, because desperate leaders are known to make irrational moves sometimes.And President Vladimir Putin has access to nuclear, chemical and biological weapons that, if used, would greatly accelerate moves toward war between NATO and Russia.And Putin has warned that if the United States is going to help Ukraine with not only intelligence information but also by providing powerful Tomahawk missiles, the assumptions of the Russia-vs-Ukraine war could be altered to become the Russia-vs-America war, and that's something all sides are trying their best to avoid.","Ukraine is getting very good at targeting oil refining facilities in Russia, inflicting a lot of damage, but will it have an effect on Texas oil?
Drone attacks against Russian oil and natural gas refineries over the past few weeks and months have made a large dent in the nation's ability to turn oil into petroleum products, but now the attacks by Ukraine are verging on the catastrophic.
Mostly because of these attacks, Russia has lost about 40% of its ability to refine oil, and oil and gas are the nation's lifeblood.
Selling oil has allowed Vladimir Putin's government to pay for some of the war against Ukraine.
Should Russia lose even more refining abilities, it could somewhat raise the price of oil worldwide, which would be of benefit to Texas (Texas specialty crude oil known as West Texas Intermediate, has been cheaper than it ought to be lately).","2025-10-04 00:00:00","['oil', 'sites', 'texas', 'lot', 'gas', 'nations', 'hitting', 'ukraine', 'helping', 'russian', 'war', 'refining', 'vladimir', 'russia']","https://woai.iheart.com/featured/san-antonios-first-news/content/2025-10-04-ukraine-hitting-russian-oil-sites-is-it-helping-texas/",""
"Populist right-wing billionaire Andrej Babis wins Czech parliamentary election","defaultdict(<class 'dict'>, {'viewport': 'width=device-width, initial-scale=1, shrink-to-fit=no', 'theme-color': '#0A1633', 'title': 'Czech election: Populist right-wing politican Andrej Babis set to win power', 'description': 'The result could steer the staunchly pro-Ukraine Czech Republic to a more pro-Russian path.', 'article': {'section': 'Europe', 'published_time': '2025-10-05T02:27:01+00:00', 'modified_time': '2025-10-05T02:41:47+00:00'}, 'pubdate': '2025-10-05T02:27:01+00:00', 'author': 'Karel Janicek', 'robots': 'noarchive,noodp,index,max-image-preview:large,max-snippet:-1,max-video-preview:-1', 'fb': {'app_id': 193677504039845, 'pages': 1432569230378131}, 'og': {'description': 'The result could steer the staunchly pro-Ukraine Czech Republic to a more pro-Russian path.', 'image': {'identifier': 'https://static.ffx.io/images/$zoom_0.1982%2C$multiply_0.7554%2C$ratio_1.777778%2C$width_1059%2C$x_0%2C$y_0/t_crop_custom/q_86%2Cf_auto/cc2b219ede19283e57ea844409f4a06c3a9b3d67', 'width': 800, 'height': 450, 'secure_url': 'https://static.ffx.io/images/$zoom_0.1982%2C$multiply_0.7554%2C$ratio_1.777778%2C$width_1059%2C$x_0%2C$y_0/t_crop_custom/q_86%2Cf_auto/cc2b219ede19283e57ea844409f4a06c3a9b3d67'}, 'locale': 'en_US', 'site_name': 'The Sydney Morning Herald', 'title': 'Populist right-wing billionaire Andrej Babis wins Czech parliamentary election', 'url': 'https://www.smh.com.au/world/europe/populist-right-wing-billionaire-andrej-babi-wins-czech-parliamentary-election-20251005-p5n05l.html'}, 'twitter': {'card': 'summary_large_image', 'description': 'The result could steer the staunchly pro-Ukraine Czech Republic to a more pro-Russian path.', 'image': {'src': 'https://static.ffx.io/images/$zoom_0.1982%2C$multiply_0.7554%2C$ratio_1.777778%2C$width_1059%2C$x_0%2C$y_0/t_crop_custom/q_86%2Cf_auto/cc2b219ede19283e57ea844409f4a06c3a9b3d67'}, 'site': '@smh', 'title': 'Populist right-wing billionaire Andrej Babis wins Czech parliamentary election'}, 'google-signin-client_id': '589384154045-p5vk6p2adh6l4p13n8rfjtbsfqu8gbn5.apps.googleusercontent.com'})","Prague: Billionaire Andrej Babiš became another populist leader in Central Europe to stage a political comeback by winning big in the Czech Republic’s parliamentary election.That result could steer the country away from supporting Ukraine and toward Hungary and Slovakia, which have taken a pro-Russian path.Billionaire populist politician Andrej Babiš speaking on Saturday night after his decisive election victory. Credit: APWith the results of 99.5 per cent of the polling stations counted by the Statistics Office on Saturday (Sunday AEDT), Babiš’ ANO (Yes) movement captured 34.7 per cent of the vote, soundly beating the Together conservative coalition of Prime Minister Petr Fiala that received 23.2 per cent.Babiš was jubilant after his best electoral result, calling it “historic” for himself and his “catch-all” political group since it stormed into national politics in 2013.","Prague: Billionaire Andrej Babiš became another populist leader in Central Europe to stage a political comeback by winning big in the Czech Republic’s parliamentary election.
That result could steer the country away from supporting Ukraine and toward Hungary and Slovakia, which have taken a pro-Russian path.
Billionaire populist politician Andrej Babiš speaking on Saturday night after his decisive election victory.
Credit: APWith the results of 99.5 per cent of the polling stations counted by the Statistics Office on Saturday (Sunday AEDT), Babiš’ ANO (Yes) movement captured 34.7 per cent of the vote, soundly beating the Together conservative coalition of Prime Minister Petr Fiala that received 23.2 per cent.
Babiš was jubilant after his best electoral result, calling it “historic” for himself and his “catch-all” political group since it stormed into national politics in 2013.","2025-10-05 00:00:00","['wins', 'vote', 'andrej', 'parliamentary', 'result', 'babiš', 'czech', 'rightwing', 'political', 'cent', 'babis', 'victory', 'election', 'yes', 'billionaire', 'winning', 'populist']","https://www.smh.com.au/world/europe/populist-right-wing-billionaire-andrej-babi-wins-czech-parliamentary-election-20251005-p5n05l.html",""
"Populist right-wing billionaire Andrej Babis wins Czech parliamentary election","defaultdict(<class 'dict'>, {'viewport': 'width=device-width, initial-scale=1, shrink-to-fit=no', 'theme-color': '#232323', 'title': 'Czech election: Populist right-wing politican Andrej Babis set to win power', 'description': 'The result could steer the staunchly pro-Ukraine Czech Republic to a more pro-Russian path.', 'article': {'section': 'Europe', 'published_time': '2025-10-05T02:27:01+00:00', 'modified_time': '2025-10-05T02:41:47+00:00'}, 'pubdate': '2025-10-05T02:27:01+00:00', 'author': 'Karel Janicek', 'robots': 'noarchive,noodp,index,max-image-preview:large,max-snippet:-1,max-video-preview:-1', 'fb': {'app_id': 107082829404370, 'pages': 353068424784135}, 'og': {'description': 'The result could steer the staunchly pro-Ukraine Czech Republic to a more pro-Russian path.', 'image': {'identifier': 'https://static.ffx.io/images/$zoom_0.1982%2C$multiply_0.7554%2C$ratio_1.777778%2C$width_1059%2C$x_0%2C$y_0/t_crop_custom/q_86%2Cf_auto/cc2b219ede19283e57ea844409f4a06c3a9b3d67', 'width': 800, 'height': 450, 'secure_url': 'https://static.ffx.io/images/$zoom_0.1982%2C$multiply_0.7554%2C$ratio_1.777778%2C$width_1059%2C$x_0%2C$y_0/t_crop_custom/q_86%2Cf_auto/cc2b219ede19283e57ea844409f4a06c3a9b3d67'}, 'locale': 'en_US', 'site_name': 'Brisbane Times', 'title': 'Populist right-wing billionaire Andrej Babis wins Czech parliamentary election', 'url': 'https://www.brisbanetimes.com.au/world/europe/populist-right-wing-billionaire-andrej-babi-wins-czech-parliamentary-election-20251005-p5n05l.html'}, 'twitter': {'card': 'summary_large_image', 'description': 'The result could steer the staunchly pro-Ukraine Czech Republic to a more pro-Russian path.', 'image': {'src': 'https://static.ffx.io/images/$zoom_0.1982%2C$multiply_0.7554%2C$ratio_1.777778%2C$width_1059%2C$x_0%2C$y_0/t_crop_custom/q_86%2Cf_auto/cc2b219ede19283e57ea844409f4a06c3a9b3d67'}, 'site': '@brisbanetimes', 'title': 'Populist right-wing billionaire Andrej Babis wins Czech parliamentary election'}, 'google-signin-client_id': '824102604775-2aodbk2a5ro9p3kic1b5pjs1os68qd3p.apps.googleusercontent.com'})","Prague: Billionaire Andrej Babiš became another populist leader in Central Europe to stage a political comeback by winning big in the Czech Republic’s parliamentary election.That result could steer the country away from supporting Ukraine and toward Hungary and Slovakia, which have taken a pro-Russian path.Billionaire populist politician Andrej Babiš speaking on Saturday night after his decisive election victory. Credit: APWith the results of 99.5 per cent of the polling stations counted by the Statistics Office on Saturday (Sunday AEDT), Babiš’ ANO (Yes) movement captured 34.7 per cent of the vote, soundly beating the Together conservative coalition of Prime Minister Petr Fiala that received 23.2 per cent.Babiš was jubilant after his best electoral result, calling it “historic” for himself and his “catch-all” political group since it stormed into national politics in 2013.","Prague: Billionaire Andrej Babiš became another populist leader in Central Europe to stage a political comeback by winning big in the Czech Republic’s parliamentary election.
That result could steer the country away from supporting Ukraine and toward Hungary and Slovakia, which have taken a pro-Russian path.
Billionaire populist politician Andrej Babiš speaking on Saturday night after his decisive election victory.
Credit: APWith the results of 99.5 per cent of the polling stations counted by the Statistics Office on Saturday (Sunday AEDT), Babiš’ ANO (Yes) movement captured 34.7 per cent of the vote, soundly beating the Together conservative coalition of Prime Minister Petr Fiala that received 23.2 per cent.
Babiš was jubilant after his best electoral result, calling it “historic” for himself and his “catch-all” political group since it stormed into national politics in 2013.","2025-10-05 00:00:00","['wins', 'vote', 'andrej', 'parliamentary', 'result', 'babiš', 'czech', 'rightwing', 'political', 'cent', 'babis', 'victory', 'election', 'yes', 'billionaire', 'winning', 'populist']","https://www.brisbanetimes.com.au/world/europe/populist-right-wing-billionaire-andrej-babi-wins-czech-parliamentary-election-20251005-p5n05l.html",""
"Sanctioned Russian bankers owe Beaufort County more than $278,000 in back taxes","defaultdict(<class 'dict'>, {'keywords': 'beaufort, bluffton, sanctions, russian, real estate, beaufort county, beaufort county news, taxes,', 'news_keywords': 'beaufort, bluffton, sanctions, russian, real estate, beaufort county, beaufort county news, taxes,', 'description': 'Sanctioned Russian bankers who own luxury homes in SC’s Palmetto Bluff resort owe back taxes to Beaufort County, which can’t collect due to Treasury sanctions.', 'author': 'Tony Bartelme tbartelme@postandcourier.com', 'viewport': 'width=device-width, initial-scale=1.0', 'apple-mobile-web-app-capable': 'yes', 'apple-mobile-web-app-status-bar-style': 'black-translucent', 'robots': 'max-image-preview:large', 'og': {'type': 'article', 'url': 'https://www.postandcourier.com/news/special_reports/russian-investors-palmetto-bluff-sc-owe-taxes-sanctions/article_27067971-76c6-4e09-b054-ef6dae233d87.html', 'image': {'identifier': 'https://bloximages.newyork1.vip.townnews.com/postandcourier.com/content/tncms/assets/v3/editorial/7/8b/78b1c8aa-2356-4bca-b533-ea79413767f0/68dff57665002.image.jpg?crop=1762%2C925%2C0%2C0&resize=1200%2C630&order=crop%2Cresize', 'width': 1200, 'height': 630}, 'title': 'Sanctioned Russian bankers owe Beaufort County more than $278,000 in back taxes', 'description': 'Sanctioned Russian bankers who own luxury homes in SC’s Palmetto Bluff resort owe back taxes to Beaufort County, which can’t collect due to Treasury sanctions.', 'site_name': 'Post and Courier', 'section': 'Special Reports from The Post and Courier newspape'}, 'fb': {'app_id': 146078808769941, 'pages': 107285652622522}, 'article': {'publisher': 'https://www.facebook.com/ThePostandCourier'}, 'twitter': {'image': {'identifier': 'https://bloximages.newyork1.vip.townnews.com/postandcourier.com/content/tncms/assets/v3/editorial/7/8b/78b1c8aa-2356-4bca-b533-ea79413767f0/68dff57665002.image.jpg?crop=1762%2C925%2C0%2C0&resize=438%2C230&order=crop%2Cresize', 'alt': 'Tax Bill House'}, 'card': 'summary_large_image', 'site': '@postandcourier'}, 'mrf': {'authors': 'Tony Bartelme tbartelme@postandcourier.com'}, 'url_label': 'Special Reports', 'tncms': {'ads': 'lazyload,refresh_timer'}, 'mobile-web-app-capable': 'yes', 'google-site-verification': 'gL-Bl7ULCV3KMihbJROJq1d-i5LSRD9mevTMCnIYlPQ', 'facebook-domain-verification': 'du5xa7wx71jy2vzdt1mdkt67rj3sec', 'parsely-post-id': '27067971-76c6-4e09-b054-ef6dae233d87', 'fewcents': {'article': {'id': '27067971-76c6-4e09-b054-ef6dae233d87'}}, 'cXenseParse': {'url': 'https://www.postandcourier.com/news/special_reports/russian-investors-palmetto-bluff-sc-owe-taxes-sanctions/article_27067971-76c6-4e09-b054-ef6dae233d87.html', 'publishtime': '2025-10-05 05:00', 'articleid': '27067971-76c6-4e09-b054-ef6dae233d87', 'author': 'Tony Bartelme tbartelme@postandcourier.com'}})","Tony Bartelme, senior projects reporter for The Post and Courier, has earned national honors from the Nieman, Scripps, Loeb and National Press foundations, including Columbia University's John Chancellor Award for cumulative achievements in journalism. He has written five books and is a four-time finalist for the Pulitzer Prize. Reach Tony at tbartelme@postandcourier.com 843-425-8254","Tony Bartelme, senior projects reporter for The Post and Courier, has earned national honors from the Nieman, Scripps, Loeb and National Press foundations, including Columbia University's John Chancellor Award for cumulative achievements in journalism.
He has written five books and is a four-time finalist for the Pulitzer Prize.
Reach Tony at tbartelme@postandcourier.com 843-425-8254","2025-11-19 00:00:00","['scripps', 'tony', 'universitys', 'pulitzer', 'reporter', 'taxes', 'beaufort', 'national', 'russian', 'senior', 'written', 'tbartelmepostandcouriercom', 'owe', 'sanctioned', 'bankers', '278000', 'county', 'reach']","https://www.postandcourier.com/news/special_reports/russian-investors-palmetto-bluff-sc-owe-taxes-sanctions/article_27067971-76c6-4e09-b054-ef6dae233d87.html",""
"Fidan: We are Providing Full Support to the Syrian Government","defaultdict(<class 'dict'>, {'viewport': 'width=device-width, initial-scale=1.0', 'description': ""Turkish Foreign Minister Hakan Fidan reaffirmed Turkey's full support to the Syrian government, noting that Syria’s new People's Assembly elections on October"", 'robots': 'follow, index, max-snippet:-1, max-video-preview:-1, max-image-preview:large', 'og': {'locale': 'en_US', 'type': 'article', 'title': 'Fidan: We are Providing Full Support to the Syrian Government', 'description': ""Turkish Foreign Minister Hakan Fidan reaffirmed Turkey's full support to the Syrian government, noting that Syria’s new People's Assembly elections on October"", 'url': 'https://sana.sy/en/international/2270954/', 'site_name': 'Syrian Arab News Agency (SANA)', 'updated_time': '2025-10-05T10:38:04+03:00', 'image': {'identifier': 'https://cdn.sananews.sy/2025/10/فيدان.jpg', 'secure_url': 'https://cdn.sananews.sy/2025/10/فيدان.jpg', 'width': 860, 'height': 484, 'alt': 'Fidan: We are Providing Full Support to the Syrian Government', 'type': 'image/jpeg'}}, 'article': {'publisher': 'https://www.facebook.com/sana.gov/', 'section': 'International', 'published_time': '2025-10-05T10:38:02+03:00', 'modified_time': '2025-10-05T10:38:04+03:00'}, 'twitter': {'card': 'summary_large_image', 'title': 'Fidan: We are Providing Full Support to the Syrian Government', 'description': ""Turkish Foreign Minister Hakan Fidan reaffirmed Turkey's full support to the Syrian government, noting that Syria’s new People's Assembly elections on October"", 'site': '@SANAEnOfficial', 'creator': '@SANAEnOfficial', 'image': 'https://cdn.sananews.sy/2025/10/فيدان.jpg', 'label1': 'Written by', 'data1': 'Nawal', 'label2': 'Time to read', 'data2': 'Less than a minute'}, 'generator': 'Elementor 3.33.1; features: e_font_icon_svg, additional_custom_breakpoints; settings: css_print_method-external, google_font-enabled, font_display-swap', 'position': 4, 'url': 'https://sana.sy/en/international/2270954/'})","Turkish Foreign Minister Hakan Fidan reaffirmed Turkey’s full support to the Syrian government, noting that Syria’s new People’s Assembly elections on October 5 represent a pivotal step in the country’s history.The foreign minister added that Syria’s stability and security is key for Turkey’s national security. “Our border with Syria and everything beyond it is important to our national security, so, Syria’s unity, stability, and territorial integrity directly affect Turkey’s national security,” he stated on an interview with Turkish TV TRT.Fidan reiterated his country’s rejection and condemnation of the repeated Israeli attacks on Syrian territory, which could create new realities that threaten to divide the country.He called on SDF to reach an agreement with the Syrian government and preserve Syria’s territorial integrity.Fidan considered that lifting US and European sanctions on Syria would help remove funding constraints and contribute to attracting investment and the return of refugees to their country.","Turkish Foreign Minister Hakan Fidan reaffirmed Turkey’s full support to the Syrian government, noting that Syria’s new People’s Assembly elections on October 5 represent a pivotal step in the country’s history.
The foreign minister added that Syria’s stability and security is key for Turkey’s national security.
Fidan reiterated his country’s rejection and condemnation of the repeated Israeli attacks on Syrian territory, which could create new realities that threaten to divide the country.
He called on SDF to reach an agreement with the Syrian government and preserve Syria’s territorial integrity.
Fidan considered that lifting US and European sanctions on Syria would help remove funding constraints and contribute to attracting investment and the return of refugees to their country.","2025-10-05 10:38:02+03:00","['syrias', 'stability', 'providing', 'territorial', 'national', 'turkish', 'support', 'security', 'syria', 'turkeys', 'syrian', 'fidan', 'minister']","https://sana.sy/en/international/2270954/",""
"Dutch hold protest over Gaza war","defaultdict(<class 'dict'>, {'robots': 'index, follow', 'viewport': 'width=device-width, initial-scale=1,shrink-to-fit=no', 'format-detection': 'telephone=no', 'Content-Type': 'text/html; charset=UTF-8', 'yandex-verification': 'a7f51a0324104d5e', 'charset': 'utf-8', 'twitter': {'card': 'summary_large_image', 'site': '@thepeninsulaqatar', 'creator': '@thepeninsulaqatar', 'title': 'Dutch hold protest over Gaza war', 'description': 'Amsterdam: Tens of thousands of Dutch protesters marched through Amsterdam on Sunday, calling for an end to Israel s war in Gaza and demanding their g...', 'image': {'identifier': 'http://thepeninsulaqatar.com/get/maximage/20251005_1759684820-969.jpg?1759684821', 'alt': 'Dutch hold protest over Gaza war'}}, 'fb': {'app_id': 1664155270569632}, 'description': 'Amsterdam: Tens of thousands of Dutch protesters marched through Amsterdam on Sunday, calling for an end to Israel s war in Gaza and demanding their g...', 'news_title': 'Dutch hold protest over Gaza war', 'keywords': 'The Peninsula, Qatar', 'og': {'type': 'article', 'title': 'Dutch hold protest over Gaza war', 'url': 'http://thepeninsulaqatar.com/article/05/10/2025/dutch-hold-protest-over-gaza-war', 'description': 'Amsterdam: Tens of thousands of Dutch protesters marched through Amsterdam on Sunday, calling for an end to Israel s war in Gaza and demanding their g...', 'image': {'identifier': 'http://thepeninsulaqatar.com/get/maximage/20251005_1759684820-969.jpg?1759684821', 'secure_url': 'http://thepeninsulaqatar.com/get/maximage/20251005_1759684820-969.jpg?1759684821', 'width': 627, 'height': 539}, 'locale': 'en_US'}, 'DC.title': 'Dutch hold protest over Gaza war', 'DC.subject': 'Dutch hold protest over Gaza war', 'DC.description': 'Amsterdam: Tens of thousands of Dutch protesters marched through Amsterdam on Sunday, calling for an end to Israel s war in Gaza and demanding their g...', 'DC.date': '2025-10-05 19:51:27', 'DC.date.issued': '2025-10-05 19:51:27', 'DC.language': 'en', 'url': 'http://thepeninsulaqatar.com/article/05/10/2025/dutch-hold-protest-over-gaza-war', 'datePublished': '2025-10-05 19:51:27', 'dateModified': '2025-10-05 19:51:27', 'inLanguage': 'en', 'article': {'author': 'The Peninsula Newspaper', 'section': 'World', 'tag': 'Dutch hold protest over Gaza war', 'publisher': 'https://www.facebook.com/thepeninsulaqatar', 'modified_time': '2025-10-05 19:51:27', 'published_time': '2025-10-05 19:51:27'}})","Demonstrators including one with a Palestinian flag gather at Museumplein for a ""Red Line"" protest demanding ""government action to stop the genocide in Gaza"" with the Van Gogh Museum in the background in Amsterdam on October 5, 2025. (Photo by Ramon van Flymen / ANP / AFP)AFPAmsterdam: Tens of thousands of Dutch protesters marched through Amsterdam on Sunday, calling for an end to Israel's war in Gaza and demanding their government recognise a Palestinian state.The mass demonstration added to others held in other European countries over the weekend, including in Italy, Spain and Ireland on Saturday.The Dutch marchers -- numbering around 250,000 according to organisers -- yelled ""Stop the genocide"" and ""Free Palestine"".One protester, Sebastiaan Poos, 68, said he wanted his government to impose sanctions on Israel, ""stop trade, and recognise the Palestinian state"".""I'm deeply ashamed, deeply ashamed for the government, the stance they are taking,"" he said.The Netherlands has not recognised Palestinian statehood, unlike France, Spain, Ireland, Britain and other European countries.","(Photo by Ramon van Flymen / ANP / AFP)AFPAmsterdam: Tens of thousands of Dutch protesters marched through Amsterdam on Sunday, calling for an end to Israel's war in Gaza and demanding their government recognise a Palestinian state.
The mass demonstration added to others held in other European countries over the weekend, including in Italy, Spain and Ireland on Saturday.
The Dutch marchers -- numbering around 250,000 according to organisers -- yelled ""Stop the genocide"" and ""Free Palestine"".
One protester, Sebastiaan Poos, 68, said he wanted his government to impose sanctions on Israel, ""stop trade, and recognise the Palestinian state"".
The Netherlands has not recognised Palestinian statehood, unlike France, Spain, Ireland, Britain and other European countries.","2025-10-05 19:51:27","['dutch', 'including', 'genocide', 'recognise', 'palestinian', 'ireland', 'spain', 'hold', 'protest', 'war', 'stop', 'gaza', 'van', 'european']","http://thepeninsulaqatar.com/article/05/10/2025/dutch-hold-protest-over-gaza-war",""
"Transfers not punishments for teachers who abuse students – Vice President warns","defaultdict(<class 'dict'>, {'viewport': 'width=device-width, initial-scale=1', 'robots': 'index, follow, max-snippet:-1, max-video-preview:-1, max-image-preview:large', 'og': {'locale': 'en_US', 'type': 'article', 'title': 'Transfers not punishments for teachers who abuse students – Vice President warns - MyJoyOnline', 'description': 1, 'url': 'https://www.myjoyonline.com/transfers-not-punishments-for-teachers-who-abuse-students-vice-president-warns/', 'site_name': 'MyJoyOnline', 'updated_time': '2025-10-05T19:48:52+00:00', 'image': {'identifier': 'https://www.myjoyonline.com/wp-content/uploads/2025/08/image-1021.png', 'secure_url': 'https://www.myjoyonline.com/wp-content/uploads/2025/08/image-1021.png', 'width': 1600, 'height': 1279, 'alt': 'Transfers not punishments for teachers who abuse students – Vice President warns', 'type': 'image/png'}}, 'article': {'publisher': 'https://web.facebook.com/JoyNewsOnTV/', 'tag': 'Vice President', 'section': 'Education'}, 'twitter': {'card': 'summary_large_image', 'title': 'Transfers not punishments for teachers who abuse students – Vice President warns - MyJoyOnline', 'description': 1, 'site': '@joyonlineghana', 'creator': '@joyonlineghana', 'image': 'https://www.myjoyonline.com/wp-content/uploads/2025/08/image-1021.png', 'label1': 'Written by', 'data1': 'Ebenezer Afanyi Dadzie', 'label2': 'Time to read', 'data2': '2 minutes'}, 'msapplication-TileImage': 'https://www.myjoyonline.com/wp-content/uploads/2020/03/cropped-cropped-myjoyonline-logo-2-1-270x270.png'})","Vice President Professor Naana Jane Opoku-AgyemangVice President Prof. Jane Naana Opoku-Agyemang has declared that teachers who sexually abuse or harass female students will face strict sanctions, stressing that transfers will not be used as a form of punishment for such misconduct.Speaking at the 2025 Ghana Teacher Prize in Ho, Prof. Opoku-Agyemang condemned incidents of violence and misconduct in schools, describing them as “a betrayal of trust” and a stain on the teaching profession.""Leadership cannot ignore those teachers and others in positions of power who abuse our young people. The recent events involving one of our teachers in a management position are a case in point. As teachers, we must always remember that we are placed in a position of trust, protection, and empathy. The power given to us is to facilitate learning. We will not wait to apply sanctions to those who violate this trust,"" she said.She further stressed that transfers would not be tolerated as disciplinary action for such serious offences. “Transfers are not punishments. So they should never be used for those who abuse our children, who betray their trust, and those who disgrace our profession. The government has also decided to revive PTAs to encourage broader participation in forming our young learners,” she stated.Her comments follow two high-profile cases of alleged sexual misconduct within the past week. At KNUST Senior High School, the Assistant Headmaster in charge of Academics was removed after a video showed him in a compromising situation with a female student. In a separate incident at Okadjakrom Senior High Technical School in the Oti Region, a teacher was interdicted after a video implicating him in sexual misconduct went viral.The Ghana Education Service (GES) condemned both cases as “unacceptable, unethical and a clear violation of professional conduct,” emphasising that safeguarding students remains a top priority.Prof. Opoku-Agyemang described teachers as “architects of possibility,” responsible not only for imparting knowledge but also for shaping character and values in students. She urged educators to embrace mentorship, innovation, and lifelong learning, reminding them of their lasting influence beyond the classroom.Read Also: Vice president vows strict action against teachers who abuse female studentsMeanwhile, the Vice President announced the revival of Parent Teacher Associations (PTAs) nationwide, calling for stronger community involvement to monitor schools. She also praised the ongoing collaboration with teacher unions and the National Teaching Council, which continues to work toward professionalising teaching, enforcing discipline, and maintaining standards.Also speaking at the event, President of the Ghana National Association of Teachers (GNAT), Rev. Isaac Owusu, condemned the inappropriate conduct toward female students, warning teachers against betraying their duty of care.“We disassociate ourselves as your union leaders from this bad behaviour,” Rev. Owusu said. “On our staff and in our communities, we have single female teachers—do not harm the students we are entrusted to teach,” he cautioned.DISCLAIMER: The Views, Comments, Opinions, Contributions and Statements made by Readers and Contributors on this platform do not necessarily represent the views or policy of Multimedia Group Limited.DISCLAIMER: The Views, Comments, Opinions, Contributions and Statements made by Readers and Contributors on this platform do not necessarily represent the views or policy of Multimedia Group Limited.","Vice President Professor Naana Jane Opoku-AgyemangVice President Prof. Jane Naana Opoku-Agyemang has declared that teachers who sexually abuse or harass female students will face strict sanctions, stressing that transfers will not be used as a form of punishment for such misconduct.
""Leadership cannot ignore those teachers and others in positions of power who abuse our young people.
As teachers, we must always remember that we are placed in a position of trust, protection, and empathy.
Read Also: Vice president vows strict action against teachers who abuse female studentsMeanwhile, the Vice President announced the revival of Parent Teacher Associations (PTAs) nationwide, calling for stronger community involvement to monitor schools.
Isaac Owusu, condemned the inappropriate conduct toward female students, warning teachers against betraying their duty of care.","2025-11-19 00:00:00","['teachers', 'female', 'president', 'abuse', 'trust', 'punishments', 'teacher', 'vice', 'views', 'transfers', 'warns', 'students']","https://www.myjoyonline.com/transfers-not-punishments-for-teachers-who-abuse-students-vice-president-warns/",""
"Synagogue attack latest: Police making arrests as pro-Palestine protests go ahead despite pleas","defaultdict(<class 'dict'>, {'smartbanner': {'title': 'Sky News: Breaking, UK & World', 'author': 'Sky UK Limited', 'price': 'FREE', 'price-suffix-apple': '- On the App Store', 'price-suffix-google': '- In Google Play', 'icon-apple': 'https://e0.365dm.com/skynews/apple-touch-icon.png', 'icon-google': 'https://e0.365dm.com/skynews/apple-touch-icon.png', 'button': 'VIEW', 'button-url-apple': 'https://apps.apple.com/gb/app/sky-news-breaking-uk-world/id316391924', 'button-url-google': 'https://play.google.com/store/apps/details?id=com.bskyb.skynews.android', 'enabled-platforms': 'android', 'close-label': 'Close', 'hide-ttl': 604800000, 'include-user-agent-regex': 'CriOS', 'disable-positioning': 'true', 'api': 'true'}, 'apple-itunes-app': 'app-id=316391924', 'al': {'web': {'should_fallback': 'false'}}, 'description': 'Hundreds of people have been arrested in central London as Pro-Palestine marches took place in the capital and Manchester, despite calls for organisers to postpone. Follow the latest below.', 'robots': 'NOODP,INDEX,FOLLOW,max-snippet:-1,max-image-preview:large,max-video-preview:-1', 'viewport': 'width=device-width, initial-scale=1, shrink-to-fit=no', 'format-detection': 'telephone=no', 'HandheldFriendly': 'True', 'twitter': {'card': 'summary_large_image', 'site': '@skynews', 'title': 'Synagogue attack latest: Police making arrests as pro-Palestine protests go ahead despite pleas', 'description': 'Hundreds of people have been arrested in central London as Pro-Palestine marches took place in the capital and Manchester, despite calls for organisers to postpone. Follow the latest below.', 'image': {'identifier': 'https://e3.365dm.com/25/10/768x432/skynews-gaza-protest-palestine_7041184.jpg?20251004140249', 'alt': 'Police remove a protester taking part in a demonstration in support of Palestine Action in Trafalgar Square. Pic: PA'}, 'app': {'country': 'GB', 'id': {'iphone': 316391924, 'ipad': 316391924, 'googleplay': 'com.bskyb.skynews.android'}}}, 'fb': {'app_id': 744976955573926}, 'og': {'site_name': 'Sky News', 'locale': 'en_GB', 'title': 'Synagogue attack latest: Police making arrests as pro-Palestine protests go ahead despite pleas', 'description': 'Hundreds of people have been arrested in central London as Pro-Palestine marches took place in the capital and Manchester, despite calls for organisers to postpone. Follow the latest below.', 'url': 'https://news.sky.com/story/synagogue-stabbing-latest-police-at-scene-of-reported-attack-in-manchester-13442674', 'type': 'article', 'image': 'https://e3.365dm.com/25/10/1600x900/skynews-gaza-protest-palestine_7041184.jpg?20251004140249'}})","'Let us protest', demonstrator says in message to prime ministerA protester supporting the Palestine Action group has told the prime minister to ""let us protest"" as he awaited arrest in central London.Mike Higgins, who is blind and uses a wheelchair, said he expects to be arrested for holding a poster supporting the proscribed group.The 62-year-old told PA he is here ""because of the genocide, the absolute, dreadful inhumanity of the Israeli state in the way that is treating the people of Palestine"".Asked why he did not heed Sir Keir Starmer's calls to postpone or cancel today's action, he said: ""Well, I didn't think he negotiated with terrorists. We're supposed to be terrorists, aren't we Sir Keir now, either we are or we're not.""If we're not terrorists, then leave us alone. Let us protest. Let us demonstrate for the right to freedom of speech.""He added: ""We are going to win this battle, by the way, there's no doubt about that. The problem for me is that I want to win it now to try and bring an end to the suffering in Palestine.""Starmer called for people protesting this weekend to ""recognise and respect the grief of British Jews"" after the synagogue attack on Thursday.The Metropolitan Police also urged the group Defend Our Juries to postpone the protest.","'Let us protest', demonstrator says in message to prime ministerA protester supporting the Palestine Action group has told the prime minister to ""let us protest"" as he awaited arrest in central London.
Mike Higgins, who is blind and uses a wheelchair, said he expects to be arrested for holding a poster supporting the proscribed group.
Let us protest.
Starmer called for people protesting this weekend to ""recognise and respect the grief of British Jews"" after the synagogue attack on Thursday.
The Metropolitan Police also urged the group Defend Our Juries to postpone the protest.","2025-11-19 00:00:00","['way', 'postpone', 'arrests', 'told', 'let', 'terrorists', 'win', 'supporting', 'synagogue', 'ahead', 'attack', 'prime', 'making', 'protests', 'latest', 'despite', 'pleas', 'protest', 'propalestine', 'sir']","https://news.sky.com/story/manchester-attack-latest-six-arrests-over-palestine-action-banner-as-protests-go-ahead-despite-police-pleas-13442674",""
"Eurovision to decide in November whether Israel can take part in 2026 contest","defaultdict(<class 'dict'>, {'viewport': 'width=device-width, user-scalable=yes, initial-scale=1, maximum-scale=3', 'Description': 'Eurovision Song Contest organizers said that member broadcasters will vote in November on whether Israel can participate in the musical extravaganza\xa0next year, as calls have mounted for the', 'Robots': 'index,follow', 'og': {'title': 'Eurovision to decide in November whether Israel can take part in 2026 contest  - The Malta Independent', 'image': 'https://www.independent.com.mt/file.aspx?f=254424', 'description': 'Eurovision Song Contest organizers said that member broadcasters will vote in November on whether Israel can participate in the musical extravaganza\xa0next year, as calls have mounted for the', 'url': 'httpss://www.independent.com.mt/articles/2025-10-05/local-news/Eurovision-to-decide-in-November-whether-Israel-can-take-part-in-2026-contest-6736273661', 'type': 'article'}, 'fb': {'app_id': 709947179091415, 'pages': 480288348662981}, 'twitter': {'card': 'summary_large_image', 'site': '@IndependentMlt', 'title': 'Eurovision to decide in November whether Israel can take part in 2026 contest  - The Malta Independent', 'description': 'Eurovision Song Contest organizers said that member broadcasters will vote in November on whether Israel can participate in the musical extravaganza\xa0next year, as calls have mounted for the', 'image': 'https://www.independent.com.mt/file.aspx?f=254424'}})","Associated PressEurovision Song Contest organizers said that member broadcasters will vote in November on whether Israel can participate in the musical extravaganza next year, as calls have mounted for the country to be excluded over the Israel-Hamas war in Gaza.According to spokesperson Dave Goodman, the board of the European Broadcasting Union, which brings together public broadcasters and runs the event, has sent a letter to members indicating that the vote will take place at an extraordinary general meeting held online in early November.ADVERTISEMENTThe vote will be on whether Kan, the Israeli public broadcaster and member of the EBU, will participate, Goodman said in an email. An ""absolute majority"" in the vote would be required for an exclusion to pass, he said.Countries including Ireland, the Netherlands, Slovenia and Spain have threatened not to participate in the Eurovision Song Contest unless Israel is excluded from the competition over the war in Gaza.Eurovision is a competition in which performers from countries across Europe, and a few beyond it, compete under their national flags with the aim of being crowned continental champion - a sort of Olympics of pop music.It's also a place where politics and regional rivalries play out.In 2024, organizers told Israel to change the lyrics of its entry, originally titled ""October Rain,"" in apparent reference to Hamas' cross-border Oct. 7, 2023, attack that killed some 1,200 Israelis and triggered the war. The song was renamed ""Hurricane"" and Israeli singer Eden Golan was allowed to remain in the contest.""This is one of the biggest crises that Eurovision has ever faced because it has the potential to really cement division within the organization,"" said Dean Vuletic, an expert on the history of Eurovision.""If we have two blocs, one which is threatening a boycott and another which is remaining steadfast in its support of Israel, then this is potentially the most serious crisis that the contest has faced,"" he said.Germany and Austria have backed Israel's participation. Other national broadcasters, including the BBC, have not yet made a decision.Vuletic noted past exclusions of the former Yugoslavia in the early 1990s - due to U.N. sanctions as war in the Balkans was raging - and more recently those of Belarus in 2021 over a crackdown against media freedoms, and Russia in 2022 over its full-scale war in Ukraine.""In both cases, we didn't see such strong divisions within the EBU,"" he said of the Belarus and Russia cases.Kan, the Israeli broadcaster, wrote on X that it hoped the contest ""will continue to uphold its cultural and non-political identity.""Austria's Foreign Minister Beate Meini-Reisinger expressed concerns that some countries were considering a boycott of the 2026 event in Vienna, insisting the contest was ""not an instrument for sanctions.""She wrote on X that she had written to European colleagues with an appeal to find ways to ""improve the situation in Israel and Gaza"" together.The Eurovision Song Contest 2026 will take place in May in Vienna - the honor of hosting is granted to the winner of the previous year. The winner this year in Basel, Switzerland, was Austria's JJ for the song ""Wasted Love"".","ADVERTISEMENTThe vote will be on whether Kan, the Israeli public broadcaster and member of the EBU, will participate, Goodman said in an email.
Countries including Ireland, the Netherlands, Slovenia and Spain have threatened not to participate in the Eurovision Song Contest unless Israel is excluded from the competition over the war in Gaza.
The song was renamed ""Hurricane"" and Israeli singer Eden Golan was allowed to remain in the contest.
Kan, the Israeli broadcaster, wrote on X that it hoped the contest ""will continue to uphold its cultural and non-political identity.""
The Eurovision Song Contest 2026 will take place in May in Vienna - the honor of hosting is granted to the winner of the previous year.","2025-10-05 00:00:00","['2026', 'vote', 'place', 'decide', 'contest', 'israel', 'israeli', 'eurovision', 'broadcasters', 'participate', 'war', 'song']","https://www.independent.com.mt/articles/2025-10-05/local-news/Eurovision-to-decide-in-November-whether-Israel-can-take-part-in-2026-contest-6736273661",""
"SWIFT's Blockchain: What the Transformational Move Means for Stablecoins and Global Banks","defaultdict(<class 'dict'>, {'viewport': 'width=device-width, initial-scale=1, maximum-scale=1', 'theme-color': '#fff', 'description': 'Its global reach gives SWIFT an edge, but payment system fragmentation may still persist, analysts argued.', 'robots': 'index, follow, nocache', 'googlebot': 'index, follow, max-video-preview:-1, max-image-preview:large, max-snippet:-1', 'page_url': 'https://www.coindesk.com/business/2025/10/05/what-swift-s-blockchain-means-for-stablecoins-and-global-banks', 'media_type': 'html', 'page_category': 'article_page', 'content_language': 'en', 'authors': 'krisztian-sandor, ai-boost', 'author_1': 'krisztian-sandor', 'author_2': 'ai-boost', 'content_id': '547475bc-4e5e-4e09-a4d1-a7a062a46806', 'content_title': ""SWIFT's Blockchain: What the Transformational Move Means for Stablecoins and Global Banks"", 'content_tier': 'metered', 'content_type': 'Feature', 'content_vertical': 'business', 'create_date': 20251005, 'create_time': '16:00', 'display_date': 20251005, 'display_time': '16:00', 'featured_media_key': 'image', 'featured_media_type': 'basic', 'language_selection': 'en', 'last_modified_date': 20251004, 'last_modified_time': '16:57', 'parsely-post-id': '547475bc-4e5e-4e09-a4d1-a7a062a46806', 'publish_date': 20251005, 'publish_time': '16:00', 'reg_enabled': 'false', 'sponsored': 'false', 'reg_state': 'disabled', 'tags': 'swift,blockchain,stablecoins,tokenized-assets', 'tag_1': 'swift', 'tag_2': 'blockchain', 'tag_3': 'stablecoins', 'tag_4': 'tokenized-assets', 'editors': 'aoyon-ashraf', 'editor_1': 'aoyon-ashraf', 'fb': {'app_id': 243125406422041}, 'og': {'title': ""SWIFT's Blockchain: What the Transformational Move Means for Stablecoins and Global Banks"", 'description': 'Its global reach gives SWIFT an edge, but payment system fragmentation may still persist, analysts argued.', 'url': 'https://www.coindesk.com/business/2025/10/05/what-swift-s-blockchain-means-for-stablecoins-and-global-banks', 'locale': 'en', 'image': {'identifier': 'https://cdn.sanity.io/images/s3y3vcno/production/f1c1707d4430151a9adf8b5454171566a92821b7-1919x1080.jpg?auto=format&w=960&h=540&crop=focalpoint&fit=clip&q=75&fm=jpg', 'width': 1919, 'height': 1080, 'alt': 'Swift logo (SWIFT)'}}, 'twitter': {'card': 'summary_large_image', 'site': '@coindesk', 'creator': {'identifier': '@coindesk', 'id': 1418565129}, 'title': ""SWIFT's Blockchain: What the Transformational Move Means for Stablecoins and Global Banks"", 'description': 'Its global reach gives SWIFT an edge, but payment system fragmentation may still persist, analysts argued.', 'image': {'identifier': 'https://cdn.sanity.io/images/s3y3vcno/production/f1c1707d4430151a9adf8b5454171566a92821b7-1919x1080.jpg?auto=format&w=960&h=540&crop=focalpoint&fit=clip&q=75&fm=jpg', 'width': 1919, 'height': 1080, 'alt': 'Swift logo (SWIFT)'}}})","SWIFT, the backbone of the global financial messaging system, is taking a step toward becoming a full-fledged blockchain infrastructure provider.This week, the network unveiled plans to build a shared ledger platform that will let banks settle transactions involving stablecoins and tokenized assets across multiple blockchains.STORY CONTINUES BELOW Don't miss another story. Subscribe to the Crypto Daybook Americas Newsletter today . See all newsletters Sign me up By signing up, you will receive emails about CoinDesk products and you agree to our terms of use and privacy policy .While SWIFT has long served as the messaging layer for cross-border money movement, the new platform would put it closer to the center of value transfer.That’s a major shift for a more than 50-year-old traditional financial organization known for handling communications between more than 11,500 banks, not for moving money itself.SWIFT's changing role""The big development is SWIFT’s changing business model to cope with blockchain disintermediation,"" said Noelle Acheson, author of the Crypto Is Macro Now newsletter. “SWIFT, today, does not transfer value; it sends messages. Onchain, the message and the transfer are the same thing.Acheson argued the new platform could act as a ""switching"" layer for digital currencies and tokenized assets, bridging otherwise siloed systems. However, she questioned whether SWIFT is still essential in a world of programmable money.""Is SWIFT necessary in a tokenized financial system? No, it’s not—but it does have connections with virtually all global banks,"" she said.Onboarding banks to stablecoinsThose connections could give SWIFT an edge as banks look for a path into the blockchain economy.""The industry is moving at a rapid pace, and stablecoins are being adopted globally at such a speed that traditional banks are having to take notice,” said Barry O’Sullivan, director of banking and payments at OpenPayd.SWIFT said over 30 financial institutions are already engaged with the project. O’Sullivan expects more to follow as demand and regulatory clarity increase. ""Adoption, interoperability and regulatory alignment will take time,"" he said. ""However, SWIFT is clearly positioning itself to play a meaningful role in shaping the evolving stablecoin and tokenised asset ecosystem.""SWIFT's platform could also ""materially lower"" technical barriers and integration costs for financial institutions that want to embed stablecoins into their operations, said David Duong, head of institutional research at Coinbase.O’Sullivan noted that the platform could bring ""some standardization to the global stablecoin ecosystem,"" though fragmentation will likely persist. ""Existing private stablecoins, CBDCs and regional solutions may continue to operate in parallel,” he said.Years in the makingDuong described SWIFT's initiative as a ""watershed moment"" for both crypto and traditional finance, but reminded that it has been years in the making. The company has been experimenting with distributed ledger technology since 2017, Duong said, including conducting pilot projects with Chainlink, tokenized securities platforms Clearstream and SETL and interoperability tests with CBDCs. Developing its own shared ledger platform appears to be the next stage in that long-running transition, Duong said.Still, not everyone may see SWIFT as a neutral player. Its role in enforcing sanctions has led to distrust in countries where banks were cut off from the network, Acheson said.""It’s not clear that its offering would stop the payment systems fragmentation, given global distrust following SWIFT’s role in enforcing U.S. and EU sanctions,” she argued.Even so, SWIFT’s decision underscores that the lines between traditional and blockchain finance are increasingly getting intertwined and the world’s largest financial institutions are – slowly, then suddenly – taking initiative to stay relevant.","SWIFT, the backbone of the global financial messaging system, is taking a step toward becoming a full-fledged blockchain infrastructure provider.
That’s a major shift for a more than 50-year-old traditional financial organization known for handling communications between more than 11,500 banks, not for moving money itself.
SWIFT's changing role""The big development is SWIFT’s changing business model to cope with blockchain disintermediation,"" said Noelle Acheson, author of the Crypto Is Macro Now newsletter.
No, it’s not—but it does have connections with virtually all global banks,"" she said.
Onboarding banks to stablecoinsThose connections could give SWIFT an edge as banks look for a path into the blockchain economy.","2025-10-05 00:00:00","['financial', 'tokenized', 'global', 'swift', 'traditional', 'blockchain', 'banks', 'transformational', 'means', 'stablecoins', 'platform', 'swifts']","https://www.coindesk.com/business/2025/10/05/what-swift-s-blockchain-means-for-stablecoins-and-global-banks",""
"Trump’s bullying of Latin America isn’t part of any plan – he doesn’t have a clue what he’s doing | Simon Tisdall","defaultdict(<class 'dict'>, {'description': 'The president’s threats to attack Venezuela are regressive, dangerous and almost certain to backfire, says Guardian foreign affairs commentator Simon Tisdall', 'viewport': 'width=device-width,minimum-scale=1,initial-scale=1', 'theme-color': '#052962', 'og': {'url': 'https://www.theguardian.com/commentisfree/2025/oct/05/donald-trump-interventions-latin-america-usa-venezuela', 'image': {'identifier': 'https://i.guim.co.uk/img/media/a97cda80b48704349fba668a004350100c5c63d3/621_0_3440_2752/master/3440.jpg?width=1200&height=630&quality=85&auto=format&fit=crop&precrop=40:21,offset-x50,offset-y0&overlay-align=bottom%2Cleft&overlay-width=100p&overlay-base64=L2ltZy9zdGF0aWMvb3ZlcmxheXMvdGctb3BpbmlvbnMucG5n&enable=upscale&s=2f9c169b32611e0bbc4febfdebc2d2a0', 'height': 960}, 'title': 'Trump’s bullying of Latin America isn’t part of any plan – he doesn’t have a clue what he’s doing | Simon Tisdall', 'description': 'The president’s threats to attack Venezuela are regressive, dangerous and almost certain to backfire, says Guardian foreign affairs commentator Simon Tisdall', 'type': 'article', 'site_name': 'the Guardian'}, 'article': {'author': 'https://www.theguardian.com/profile/simontisdall', 'publisher': 'https://www.facebook.com/theguardian', 'modified_time': '2025-10-05T14:01:09.000Z', 'section': 'Opinion', 'published_time': '2025-10-05T05:00:25.000Z', 'tag': 'US foreign policy,Trump administration,Venezuela,Drugs trade,US news,Americas,Caribbean,World news'}, 'al': {'ios': {'url': 'gnmguardian://commentisfree/2025/oct/05/donald-trump-interventions-latin-america-usa-venezuela?contenttype=Article&source=applinks', 'app_store_id': 409128287, 'app_name': 'The Guardian'}}, 'fb': {'app_id': 180444840287}, 'twitter': {'dnt': 'on', 'app': {'id': {'iphone': 409128287, 'ipad': 409128287, 'googleplay': 'com.guardian'}, 'name': {'googleplay': 'The Guardian', 'ipad': 'The Guardian', 'iphone': 'The Guardian'}, 'url': {'googleplay': 'guardian://www.theguardian.com/commentisfree/2025/oct/05/donald-trump-interventions-latin-america-usa-venezuela', 'iphone': 'gnmguardian://commentisfree/2025/oct/05/donald-trump-interventions-latin-america-usa-venezuela?contenttype=Article&source=twitter', 'ipad': 'gnmguardian://commentisfree/2025/oct/05/donald-trump-interventions-latin-america-usa-venezuela?contenttype=Article&source=twitter'}}, 'card': 'summary_large_image', 'image': 'https://i.guim.co.uk/img/media/a97cda80b48704349fba668a004350100c5c63d3/621_0_3440_2752/master/3440.jpg?width=1200&height=630&quality=85&auto=format&fit=crop&precrop=40:21,offset-x50,offset-y0&overlay-align=bottom%2Cleft&overlay-width=100p&overlay-base64=L2ltZy9zdGF0aWMvb3ZlcmxheXMvdGctb3BpbmlvbnMucG5n&s=f55dd605377b84868fa759c2a388b717', 'site': '@guardian'}, 'robots': 'max-image-preview:large'})","Running for president in 2024, Donald Trump vowed to avoid costly, often disastrous overseas US military interventions like Iraq and Afghanistan. This was a key plank in his isolationist “America first” platform. Yet within months of his inauguration, US forces were bombing Yemen and Iran. Looking south, Trump threatened to seize the Panama canal. Now, the Pentagon is gearing up for attacks on “terrorist” drug cartels deep inside Colombia and Mexico. Of most immediate concern is a possible renewed White House effort to forcibly impose regime change on Venezuela.Nicolás Maduro, Venezuela’s hard-left authoritarian president, believes this effort is already under way. He says the US is waging “undeclared war” on his country after several deadly strikes on Venezuelan vessels in international waters – Trump shared a video of the latest attack, which killed four people, on his social media last Friday. The president also notified Congress last week that the US is engaged in “armed conflict” with drug cartels. He claims, without providing evidence, that the targeted boats were carrying US-bound illegal narcotics – and that Maduro is responsible. He has placed a $50m bounty on Maduro’s head.Latin American governments are fretfully watching a big US military buildup around Venezuela, including warships, F-35 fighter jets, an attack submarine and 2,200 marines. Such powerful assets are not much use in drug interdiction. But they could be used offensively, or to support special forces raids and airstrikes. On Thursday, Venezuela accused the US of an “illegal incursion” by at least five F-35s. Maduro says he is readying a state of emergency to “protect our people … if Venezuela [is] attacked by the American empire”.What is Trump up to? Drug smuggling is a serious problem – but killing people on a whim on the high seas, while common and difficult to prosecute, is still illegal. And anyway, the UN says, most of the cocaine entering the US comes from Colombia, Peru and Ecuador, and is mostly not trafficked through Venezuela. Draft-dodger Trump likes to act the tough commander-in-chief. He is now trying to deport Venezuelan migrants, many of whom originally fled to the US to escape sanctions he himself imposed. Some analysts suggest he covets Venezuela’s abundant oil, gas and mineral resources.It’s true that Trump and John Bolton, his then national security adviser, hoped to replace Maduro in 2019 in what Caracas claimed was a regime change plot. It’s also true that Maduro’s 2024 re-election victory was widely condemned as fraudulent. Given a free choice, Venezuelans would almost certainly sack him. And clashing ideologies are a factor, too. Maduro, unworthy heir to Hugo Chávez’s Bolivarian revolution, is an affront to Trump’s imperial idea of a US-dominated western hemisphere, where the 1823 Monroe doctrine rules again and neoliberal, free-market capitalism operates without restraint.Yet given his hapless blundering on other key foreign issues, the most likely explanation for Trump’s behaviour is that, typically, he hasn’t got a clue what he’s doing – in Venezuela or Latin America as whole. There’s no plan. He throws his weight about, makes impetuous misjudgments, stokes fear of foreigners and bases policy on whether he “likes” other leaders. In 2019, with Maduro on the ropes, Trump blinked. Today, full-scale military intervention in Venezuela remains unlikely. More probable is an intensified pressure campaign of destabilisation, sanctions, maritime strikes, and air and commando raids.Far from weakening and isolating the regime, Trump may achieve the exact opposite. Maduro is already using the crisis to assume dictatorial “special powers” and rally public opinion behind patriotic calls for national solidarity. Trump’s bullying of other left-leaning Latin American countries such as Colombia – and presumptuous cheerleading for rightwing populists in Argentina and El Salvador – is spurring a regional backlash, too. Most governments abhor the thought of a return to the bad old days of Yanqui meddling in Washington’s “back yard”.Trump’s attempt to use punitive tariffs and sanctions to strong-arm Brazil into pardoning its disgraced former hard-right president Jair Bolsonaro backfired spectacularly last month. Huge crowds took to the streets of Brazilian cities to defend what they rightly saw as an assault on Brazilian sovereignty and rule of law. The popularity of Bolsonaro’s successor, Luiz Inácio Lula da Silva, soared. “We are not, and never again will we be, anyone’s colony,” he declared. Lula told Trump, in effect, to get lost. Then, when they met at the UN general assembly, Trump backed off and played nice. Keir Starmer, please note.The perception of a great leap backwards in US-Latin America relations grows ineluctably. “His administration views Latin America primarily as a security threat, associating it with drug trafficking, organised crime and incoming migration,” Irene Mia of the International Institute for Strategic","Running for president in 2024, Donald Trump vowed to avoid costly, often disastrous overseas US military interventions like Iraq and Afghanistan.
Latin American governments are fretfully watching a big US military buildup around Venezuela, including warships, F-35 fighter jets, an attack submarine and 2,200 marines.
Yet given his hapless blundering on other key foreign issues, the most likely explanation for Trump’s behaviour is that, typically, he hasn’t got a clue what he’s doing – in Venezuela or Latin America as whole.
Trump’s bullying of other left-leaning Latin American countries such as Colombia – and presumptuous cheerleading for rightwing populists in Argentina and El Salvador – is spurring a regional backlash, too.
after newsletter promotionTrump’s efforts to reprise the role of Latin American neighbourhood policeman, emulating former president Theodore Roosevelt – a big stick-wielding serial interventionist – are regressive, dangerous and self-defeating.","2025-10-05 00:00:00","['president', 'doesnt', 'doing', 'isnt', 'american', 'trumps', 'maduro', 'plan', 'clue', 'trump', 'account', 'hes', 'america', 'tisdall', 'venezuela', 'simon', 'latin', 'newsletter', 'drug']","https://www.theguardian.com/commentisfree/2025/oct/05/donald-trump-interventions-latin-america-usa-venezuela",""
"EU sanctions and uncertainty in relations with the US, REL: Obvious lack of coordination in diplomacy","defaultdict(<class 'dict'>, {'viewport': 'width=device-width, initial-scale=1', 'theme-color': '#ed1d24', 'fb': {'pages': 39967861710}, 'facebook-domain-verification': '0r9r9e5rqscvpfxkq0tuhti51knqj8', 'robots': 'index, follow, max-image-preview:large, max-snippet:-1, max-video-preview:-1', 'uri-translation': 'on', 'description': 'EU sanctions and uncertainty in relations with the US, REL: Obvious lack of coordination in diplomacy', 'og': {'locale': 'en_US', 'type': 'article', 'title': 'EU sanctions and uncertainty in relations with the US, REL: Obvious lack of coordination in diplomacy', 'description': 'EU sanctions and uncertainty in relations with the US, REL: Obvious lack of coordination in diplomacy', 'url': 'https://www.gazetaexpress.com/en/EU-sanctions--uncertainty-in-relations-with-Serbia--apparent-lack-of-coordination-in-diplomacy/', 'site_name': 'Gazeta Express', 'image': {'identifier': 'https://www.gazetaexpress.com/wp-content/uploads/2025/10/ZKP-ZKM-11-9-2022-5-scaled.jpg', 'width': 2560, 'height': 1707, 'type': 'image/jpeg'}}, 'article': {'publisher': 'https://www.facebook.com/GazetaExpress', 'published_time': '2025-10-05T13:45:08+00:00', 'modified_time': '2025-10-05T13:46:29+00:00'}, 'author': 'Gazeta Express', 'twitter': {'card': 'summary_large_image', 'creator': '@gazetaexpress', 'site': '@gazetaexpress', 'label1': 'Written by', 'data1': 'Express newspaper', 'label2': 'Est. Reading time', 'data2': '8 minutes'}, 'generator': 'WordPress 6.4.2'})","EU sanctions and uncertainty in relations with the US, REL: Obvious lack of coordination in diplomacyNEWS Express newspaperFor any country, foreign policy is the main card of influence and security. For Kosovo, this card is being played under difficult conditions: sanctions from the European Union, uncertainty in relations with the United States, and unresolved challenges in the dialogue with Serbia.As if this were not enough, the situation is further complicated by the apparent lack of coordination between institutions and the ambiguity in defining positions before international partners.Former diplomat Albert Prenkaj says that Kosovo does not have a foreign policy built on a clear strategy and consolidated alliances. According to him, the country lacks convergence, cooperation and synergy with the US and the EU.""Kosovo is experiencing asphyxiation, a self-enclosure and has lost relevance in the international arena. There is a total lack of coordination, a cacophony in foreign policy, which, as a result, has brought sanctions,"" Prenkaj tells Radio Free Europe's Expose program.For more than two years, Kosovo has been under EU sanctions due to government decisions perceived as unilateral and detrimental to the Serbian community. Most recently, the US has also suspended the launch of the Strategic Dialogue with Kosovo – designed to strengthen bilateral relations – adding to the country’s insecurity and international isolation.Acting Prime Minister Albin Kurti has acknowledged the existence of some differences with the US, but stressed that Kosovo has not severed relations with it. President Vjosa Osmani, on the other hand, expressed regret for the suspension of the Strategic Dialogue and underlined the importance of maintaining strong ties with the US.At the end of last month, both of these leaders and the acting head of Kosovo diplomacy, Donika Gërvalla, stayed in the United States while the UN General Assembly was in session, but all three had separate agendas.From the meetings held, Osmani published photographs with US President Donald Trump and US Secretary of State Marco Rubio.Gërvalla participated in a forum of female foreign ministers and held separate meetings with counterparts from Albania and Andorra, while Kurti shared footage from meetings with congressmen, students, Albanian-Americans and others.There have been no reports of any meeting between Kurti or Gërvalla with representatives of the US State Department. Similarly, there have been no reports of any joint meeting between Kosovar leaders and leaders of the US or other countries.According to Article 84 of the Constitution of Kosovo, foreign policy is the responsibility of the Presidency. However, this responsibility has often caused tensions with the Government.The two current leaders – Osmani and Kurti – have united on an electoral list in 2021, promising a shared political vision.""We have made an agreement of principles and political goals, which we have just signed in front of you - this agreement for a state with justice and without corruption, for a society with health, employment and education for all citizens, without differences, discrimination and favoritism,"" Kurti declared in January 2021.But their path has not always been the same. Differences have emerged in relations with allies, in the debate over the Association of Serb-majority Municipalities, over tariffs on US goods, and on other issues. Sometimes they have been overt, sometimes more indirect.For Donika Emini, from the European Balkan Policy Advisory Group, these clashes in foreign policy are not new. She recalls the case of former President Hashim Thaçi and former Prime Minister Ramush Haradinaj, when they clashed over the idea of ​​changing the Kosovo-Serbia borders in 2018. According to her, such uncoordinated approaches present Kosovo as an unstable and unserious state in the eyes of the international community.""For example, the lack of proper coordination at the time when the EU measures were put in place for Kosovo, because there was a six-month period of measures that were not a decision of the [EU] Council until they were made... for six months they could have coordinated with more proper diplomacy, in order to send clear messages to Brussels... but both Kurti and Osmani neglected this work,"" says Emini.Radio Free Europe/Radio Liberty has reached out to the Office of the President, the Government, and the Ministry of Foreign Affairs to learn about foreign policy priorities and ways of coordinating between them, but has not received any response.According to Prenkaj, the friction between leaders is not simply a difference of opinion, but a “fight for ego dominance” that makes it difficult to build a shared vision. Emini also sees this as a harmful competition for protagonism.""We operate with a foreign policy that is formed 'ad hoc', on a daily political basis, for internal consumption and not for external calculations. That is, it is a personal political agenda of cer","EU sanctions and uncertainty in relations with the US, REL: Obvious lack of coordination in diplomacyNEWS Express newspaperFor any country, foreign policy is the main card of influence and security.
Former diplomat Albert Prenkaj says that Kosovo does not have a foreign policy built on a clear strategy and consolidated alliances.
There is a total lack of coordination, a cacophony in foreign policy, which, as a result, has brought sanctions,"" Prenkaj tells Radio Free Europe's Expose program.
According to Article 84 of the Constitution of Kosovo, foreign policy is the responsibility of the Presidency.
For Donika Emini, from the European Balkan Policy Advisory Group, these clashes in foreign policy are not new.","2025-10-05 13:45:08+00:00","['coordination', 'rel', 'kurti', 'lack', 'uncertainty', 'eu', 'sanctions', 'according', 'obvious', 'state', 'states', 'relations', 'policy', 'kosovo', 'foreign', 'international', 'diplomacy']","https://www.gazetaexpress.com/en/EU-sanctions--uncertainty-in-relations-with-Serbia--apparent-lack-of-coordination-in-diplomacy/",""
"Babis's Czech Election Victory Poses Potential Headache For Brussels, Kyiv","defaultdict(<class 'dict'>, {'description': 'The election victory this weekend of right-wing populist Andrej Babis risks turning the Czech Republic into another Central European problem child for Brussels after he campaigned on vows to slash support for Ukraine and confront the EU over immigration and environmental policies.', 'keywords': 'News, Ukraine, Europe, News Analysis', 'viewport': 'width=device-width, initial-scale=1.0', 'msvalidate.01': 'AFF83BB0F77ADA2BD47CD50D350DBDC7', 'robots': 'max-image-preview:large', 'apple-mobile-web-app-title': 'RFE/RL', 'apple-mobile-web-app-status-bar-style': 'black', 'apple-itunes-app': 'app-id=475986784, app-argument=//33550348.ltr', 'og': {'title': ""Babis's Czech Election Victory Poses Potential Headache For Brussels, Kyiv"", 'description': 'The election victory this weekend of right-wing populist Andrej Babis risks turning the Czech Republic into another Central European problem child for Brussels after he campaigned on vows to slash support for Ukraine and confront the EU over immigration and environmental policies.', 'type': 'article', 'url': 'https://www.rferl.org/a/babis-czech-election-victory-brussels-kyiv-eu/33550348.html', 'site_name': 'RadioFreeEurope/RadioLiberty', 'image': {'identifier': 'https://gdb.rferl.org/327e91a3-5cfc-4f9f-bfe6-be6b05458282_cx0_cy10_cw91_w1200_h630.jpg', 'width': 1200, 'height': 630}}, 'article': {'publisher': 'https://www.facebook.com/rferl'}, 'fb': {'app_id': 953446944667626}, 'Author': 'Rikard Jozwiak', 'twitter': {'card': 'summary_large_image', 'site': '@RFERL', 'image': 'https://gdb.rferl.org/327e91a3-5cfc-4f9f-bfe6-be6b05458282_cx0_cy10_cw91_w1200_h630.jpg', 'title': ""Babis's Czech Election Victory Poses Potential Headache For Brussels, Kyiv"", 'description': 'The election victory this weekend of right-wing populist Andrej Babis risks turning the Czech Republic into another Central European problem child for Brussels after he campaigned on vows to slash support for Ukraine and confront the EU over immigration and environmental policies.'}, 'msapplication-TileColor': '#ffffff', 'msapplication-TileImage': '/Content/responsive/RFE/img/webApp/ico-144x144.png'})","The election victory this weekend of right-wing populist Andrej Babis risks turning the Czech Republic into another Central European problem child for Brussels after he campaigned on vows to slash support for Ukraine and confront the EU over immigration and environmental policies.Babis, a former prime minister and billionaire sometimes referred to in the media as the Czech Donald Trump, easily took the most votes with his ANO (YES) party garnering 35 percent.A triumphant Babis said after the results came in that he would seek a one-party minority government, though he would hold talks with two small parties including the far-right SPD that could give him a majority in parliament.There is no panic yet in the corridors of power in Brussels with some officials assessing that Babis is “no Robert Fico or Viktor Orban.”That's a reference to the leaders of Slovakia and Hungary, who in recent years have caused the bloc all sorts of headaches by watering down or holding up sanctions on Russia, pausing both military aid, economic support, and EU accession negotiations for Ukraine and undermining the rule of law in the club in general.Still, Orban was the first leader in Europe to congratulate Babis, who was Czech prime minister from December 2017 to December 2021.Filip Nerad, who has followed Czech-EU politics for the think-tank Globsec, told RFE/RL that the Babis government will be more critical toward big EU initiatives such as the “Green deal” that aims to make the bloc climate neutral by 2050.He also said Babis opposes the migration pact, which enters into force next year and is aimed to create a common EU asylum system.Still, the 71-year-old leader may not totally align with Budapest and Bratislava, giving some hope Brussels may be able to work with Prague on some level.“Overall the Czech Republic will be less in the mainstream in Brussels and cooperate more with Hungary and Slovakia, but don’t expect that Prague will follow Budapest and Bratislava on everything,” Nerad said.The assumption, speaking to both European and Czech officials, that Babis indeed is different from his two Visegrad peers is based on three observations.Firstly, the nature of his election win.While his ANO party clearly came out on top, the three other populist parties -- the SPD, Motoriste sobe (Motorists for Themselves) and Stacilo (Enough) -- fared poorer than expected.Stacilo failed to clear the 5 percent threshold to gain seats in parliament, removing a potential coalition partner for Babis.While the Slovak-born Babis may aim to form a minority government of just ANO ministers with the political backing of the Motorists and SPD, analysts said talks between the parties are likely to prove difficult.And his government might end up wobbly and weak. He might even eventually turn to the more mainstream parties in the outgoing government.Second, while his rhetoric on the campaign trail often was anti-EU, he may be forced to move toward the middle to work along side pro-West President Petr Pavel, who is popular among Czechs and a likely counterbalance to Babis.Pavel doesn't have many levers of power, but one he does possess is approving cabinet ministers. And he's already said he won’t accept any “anti-systemic” candidates if he is to sign-off on Babis's government.It is also worth noting that many other senior ANO officials such as Karel Havlicek and Adam Vojtech are considered moderate and even were well-regarded in Brussels during their previous stints as government ministers.Finally, there is Babis himself, who despite having sharpened his criticism of the European Union in recent years and is in the same European political group that has challenged the mainstream direction of Europe’s policies, has practical reasons to remain Western-oriented.His business interests in agriculture and media are linked to both Austria and Germany and dependent on generous EU funds.He has sought close political ties with Italian Prime Minister Giorgia Meloni and with France. On top of that, he has promised to honor the Czech Republic's commitment to NATO.“We want to save Europe…and we are clearly pro-European and pro-NATO,” Babis told reporters after his election win.Pavel Havlicek, who follows Czech-EU relations for the think tank AMO, notes that “Brussels most likely is looking at the Czech vote with skepticism and worry.”But, he adds, “it will be important for Brussels to stay merit-based and judge Babis on his deeds and not necessarily his rhetoric"" as he could prove to be ""more pragmatic and willing to negotiate than Fico and Orban.”One EU official, speaking to RFE/RL on condition of anonymity, said Babis's election is likely to remove the Czechs from their leadership role in some parts of the bloc.Concretely, the Czechs have spearheaded an “ammunition initiative” that has been key in getting millions of rounds of mainly desperately needed ammunition to Kyiv as it fights to repel invading Russian forces.Babis has been a sharp critic of the initiative, ","Still, Orban was the first leader in Europe to congratulate Babis, who was Czech prime minister from December 2017 to December 2021.
The assumption, speaking to both European and Czech officials, that Babis indeed is different from his two Visegrad peers is based on three observations.
Stacilo failed to clear the 5 percent threshold to gain seats in parliament, removing a potential coalition partner for Babis.
His business interests in agriculture and media are linked to both Austria and Germany and dependent on generous EU funds.
“We want to save Europe…and we are clearly pro-European and pro-NATO,” Babis told reporters after his election win.","2025-10-05 19:02:15+01:00","['likely', 'brussels', 'eu', 'czechs', 'babiss', 'kyiv', 'czech', 'parties', 'babis', 'ano', 'victory', 'potential', 'election', 'headache', 'poses', 'european']","https://www.rferl.org/a/babis-czech-election-victory-brussels-kyiv-eu/33550348.html",""
"Rise up for Gaza rally held in Huntsville","defaultdict(<class 'dict'>, {'viewport': 'width=device-width, minimum-scale=1, initial-scale=1, viewport-fit=cover', 'distribution': 'global', 'rating': 'general', 'copyright': 'Copyright (c) 2025', 'description': 'Hundreds rallied for an end to the Israel and Hamas war in downtown Huntsville on Sunday afternoon.', 'og': {'url': 'https://www.waff.com/2025/10/05/rise-up-gaza-rally-held-huntsville/', 'locale': 'en_US', 'type': 'article', 'site_name': 'https://www.waff.com', 'title': 'Rise up for Gaza rally held in Huntsville', 'description': 'Hundreds rallied for an end to the Israel and Hamas war in downtown Huntsville on Sunday afternoon.', 'image': 'https://gray-waff-prod.gtv-cdn.com/resizer/v2/CGPIDNQI2NCP5GMMSVUW22WXQM.png?auth=362b3135348971103812c6412bc1e6828525a2a457d0d776836991be092b5c83&width=1200&height=600&smart=true'}, 'twitter': {'card': 'summary_large_image', 'title': 'Rise up for Gaza rally held in Huntsville', 'description': 'Hundreds rallied for an end to the Israel and Hamas war in downtown Huntsville on Sunday afternoon.', 'site': '@waff48', 'creator': '@waff48', 'image': 'https://gray-waff-prod.gtv-cdn.com/resizer/v2/CGPIDNQI2NCP5GMMSVUW22WXQM.png?auth=362b3135348971103812c6412bc1e6828525a2a457d0d776836991be092b5c83&width=1200&height=600&smart=true'}, 'fb': {'admins': 644426401, 'app_id': 184935004909933, 'pages': 40307674652}, 'article': {'publisher': 'https://www.facebook.com/waff48/', 'section': 'Huntsville - Madison', 'sections_paths': '/news/huntsville-madison,/news', 'published_time': '2025-10-05T22:54:36.634Z', 'modified_time': '2025-10-05T22:54:36.634Z', 'distributor_name': 'Gray TV Stations (English)', 'distributor_category': 'staff', 'distributor_subcategory': 'gray-original-content', 'has_video': 'true'}, 'apple-itunes-app': 'app-id=449394496', 'google-play-app': 'app-id=com.raycom.waff', 'robots': 'index, follow, noarchive, max-image-preview:large, max-video-preview:-1', 'googlebot': 'index', 'googlebot-news': 'index', 'keywords': 'Rise up for Gaza rally,Gaza,Israel and Hamas war,Salam Lobad,Prime Minister Benjamin Netanyahu,Palestinian', 'news_keywords': 'Rise up for Gaza rally,Gaza,Israel and Hamas war,Salam Lobad,Prime Minister Benjamin Netanyahu,Palestinian', 'authors': 'WAFF 48 Digital Staff', 'taboola-section': 'waff', 'apple-mobile-web-app-status-bar-style': 'black-translucent'})","HUNTSVILLE, Ala. (WAFF) - Hundreds rallied for an end to the Israel and Hamas war in downtown Huntsville on Sunday afternoon.Protestors said their mission is clear: to get the world to stand with Gaza.Demonstrators said they want a total arms embargo and sanctions against Israel.The organizer, who is Palestinian himself, said he wants to put an end to the U.S. government’s contribution to the war.“All of this is being done with American taxpayer dollars. Since the start of the genocide, the United States has sent in about 20 billion dollars in military aid to Israel,” Rally Organizer Salam Lobad said.“That’s money that could’ve been used for health care, for infrastructure here in America, for schools, for hospitals, for solving homelessness, and instead it’s being used to facilitate genocide.”Meantime, Israel and Hamas are preparing for indirect negotiations in Egypt on Monday as hopes rise for a possible ceasefire in Gaza.Prime Minister Benjamin Netanyahu said a hostage release could be announced this week.President Trump is pressuring both sides to end the fighting.Strikes continue in Gaza despite the President telling Israel to stop the bombing.Click Here to Subscribe on YouTube: Watch the latest WAFF 48 news, sports & weather videos on our YouTube channel!Copyright 2025 WAFF. All rights reserved.","HUNTSVILLE, Ala. (WAFF) - Hundreds rallied for an end to the Israel and Hamas war in downtown Huntsville on Sunday afternoon.
Protestors said their mission is clear: to get the world to stand with Gaza.
The organizer, who is Palestinian himself, said he wants to put an end to the U.S. government’s contribution to the war.
Since the start of the genocide, the United States has sent in about 20 billion dollars in military aid to Israel,” Rally Organizer Salam Lobad said.
Click Here to Subscribe on YouTube: Watch the latest WAFF 48 news, sports & weather videos on our YouTube channel!","2025-10-05 00:00:00","['gaza', 'organizer', 'israel', 'waff', 'world', 'hamas', 'used', 'huntsville', 'rise', 'youtube', 'end', 'held', 'dollars', 'rally']","https://www.waff.com/2025/10/05/rise-up-gaza-rally-held-huntsville/",""
"In search of FOI that barks and bites, by Taiwo Adisa","defaultdict(<class 'dict'>, {'viewport': 'width=device-width, initial-scale=1', 'robots': 'index, follow, max-image-preview:large, max-snippet:-1, max-video-preview:-1', 'description': ""In search of FOI that barks and bites, by Taiwo Adisa On September 11, 2025, an Ondo State High Court presided over by Justice T. M. Adedipe gave a landmark ruling in respect of a request on the Freedom of Information (FOI) Act. The justice, who ruled on the applications brought before him by an Akure-based legal practitioner, Femi Emannuel Emadamori, ordered the Commissioner of Finance in the state to release certified true copies of the disbursements from the Joint State and Local Government Account, which warehouses the councils’ share of the Federation Accounts Allocation Committee (FAAC).  Though Emadamori is yet to conclusively get to the end of his mission on the subject matter, it is interesting that a court of competent jurisdiction is stepping in to help fix the jigsaw around the Need To Know issues in democratic governance.  Since the return of democratic rule, actors in government and many citizens alike have painted things as if a mystery surrounds government's actions and inactions and that there are many things the government sees sitting down that the citizens cannot see, even when they climb an Iroko tree.  I believe that such thinking informed the decision of the Ondo State government to file a suit on June 4, 2018, in which it challenged the ruling of a Court of Appeal, which affirmed the application of the FOI Act in all the 36 states of the federation. Speaker of Ondo State House of Assembly and the Auditor-General that year filed a notice of appeal to the Supreme Court, declaring that the Akure Division of the Court of Appeal erred by ruling in March of the same year that the Freedom of Information Act was applicable in all 36 states of the country.  Counsels to the Ondo State Government had argued then: “The term information or freedom of information is neither in the executive legislative list nor the concurrent legislative list of the second schedule to the Constitution,” and that: “The power of the Federal Government to make law only extends to matters or items listed in the executive legislative list or the concurrent legislative list.”  Realising that the battles ahead against the spirit and soul of the FOI Act could be fierce and relentless, stakeholders in July this year put together a workshop to dissect the possible arrows against the implementation of the 2011 Act and the possible ways out of the conundrum.   But why should the FOI Act be of importance right now? The question is Germain, and the answer also sits right at the centre of the practice and workability of democracy in this clime. There is no doubting the fact that democratic practice is becoming more problematic than we envisaged in those heady days of anti-military rule protests. Democracy is believed to be the government of the people, which will cater to the needs of the people and guarantee that their voices count in the ears of the government. As things stand, especially after 25 years of unbroken democratic rule in Nigeria, the disillusionment is clearly written. The last general election showcased a drop in the number of electorates who turned up for elections. It was said that voter turnout over the years has dropped by as much as 26 per cent. In Nigeria’s last general election, less than 23 million citizens determined the winners and losers of the nation’s presidency, in a country of 260 million.  The elders say that words you didn’t hear can’t cause you pain. But if the people must be encouraged to get involved in the affairs of their country and the states, information about government activities must be readily available to them. The people must be in a position to have the facts and figures they need to interpret the rate of service delivery at every level, which is the role the FOI Act is set out to play.  Thankfully, stakeholders are not sleeping on this important issue, and last July, members of the civil society, the media, academia, and public service gathered in Abuja to deliberate on the identifiable impediments to the implementation of the Freedom of Information (FOI). The gathering which was at the instance of the International Press Centre (IPC), Lagos, in collaboration with the Policy and Legal Advocacy Centre (PLAC), the Centre for Media and Society (CEMESO), and YIAGA Africa, as part of the European Union Support to Democratic Governance in Nigeria, Phase II (EU-SDGN II), unveiled some landmark resolutions, which could provide the much-needed assistance to the nation’s democratic process.  Lanre Arogundade of the IPC had opened the meeting with a declaration that it was somewhat odd that Nigerians are still debating the implementation of the FOI 14 years after, adding that freedom of information is sacrosanct because it is the oxygen of democratic rights. He highlighted the need to revisit the regime of sanctions contained in the Act and welcomed the push by two members of the House of Representatives to propose varying amendments.  The communique released at the end of the three-day event called for urgent steps to be taken to address the gaps recognised in the implementation process of the FOI. Some of the gaps include the criminalisation of all offences under the law and the failure to give room to mediation by the office of the Attorney General of the Federation or that of the states.  Dr. Akin Akingbulu of CEMESO, who spoke at the meeting, related an experience thus: “This is an email from a stakeholder: I'm reaching out because my team is working on a project that involves Nigeria, and we are looking for some support with FOI work. Specifically, our reporter in Nigeria is prepared to file a FOI request with the National Communications Commission; last time we filed a request with that agency, they did not acknowledge it, and we unfortunately missed the appeals window….”  Akingbulu raised what he called some burning questions about the application of FOI. The questions include: Why are so many Ministries, Departments, and Agencies silent when FOI requests arrive?  Why has no public institution been sanctioned for violating the law? Why are citizens still forced to go to court for basic budgetary or project information?  Why do some state governments still behave as though the FOI Act does not apply to them—even after the Supreme Court has ruled otherwise?  He advised that the gathering must ensure that the ongoing amendment process of the Act at the National Assembly does not turn out to make the law a weaker instrument of democratic growth. “We cannot afford to create a regime that criminalises requesters or empowers gatekeepers with discretionary vetoes. Instead, we must strengthen the enabling environment for compliance, provide clarity on sanctions for defaulting institutions,” he said.  Edeatan Ojo of the Media Rights Agenda, who spoke on the gaps in FOI implementation, said that though the law in its present state is regarded as relatively good, it still contains some manifest weaknesses. He said that the law had received global attention with no fewer than 140 countries operating the law in one form or the other. He said the Global Right to Information (RTI) Rating platform, which analyses the quality of the world’s access to information laws, ranked the Nigerian law as 64, with a score of 88 points out of a maximum possible score of 150, adding that the ingredients that make up the score include the strength of national legal frameworks, the methodology and the best practices at the national level. Incidentally, the Nigerian law ranks below some of the countries in Africa, as Ojo submitted that some of the countries, even in West Africa, rank among the top 10 in the global rating. The FOI law of the Gambia, 2021, with 128 points, was rated number six in the global rating, while the Liberian Freedom of Information Act, 2010, was listed as No. 10 with a score of 123 points, he said. Other countries with better ratings than Nigeria include Sierra Leone at No. 11, South Sudan at No. 12, Tunisia at No. 15, South Africa occupying No. 16, and Namibia, which occupies number 17 in the global rating. This submission completely indicates that the Nigerian situation demands reforms that are not only urgent but imperative.  Ojo said of the Nigerian situation: “Our major undoing is the fact that we do not have an independent administrative appeals mechanism or administrative sanctions. The Law also does not place responsibility on any institution or body to promote the Act to ensure public awareness.”  Interestingly, the communique released after the Abuja session acknowledged the need for the establishment of “a robust administrative sanctions framework,” aside from the need for budgetary empowerment for Ministries, Departments, and Agencies (MDAs) at the state and federal levels to aid training of officers and implementation procedures of the Act.  As we continue to periscope the way forward for democratic practice in Nigeria and Africa, strengthening the FOI Act and its implementation with every energy at our disposal will aid that search most positively."", 'og': {'locale': 'en_US', 'type': 'article', 'title': 'In search of FOI that barks and bites, by Taiwo Adisa\xa0 |', 'description': ""In search of FOI that barks and bites, by Taiwo Adisa On September 11, 2025, an Ondo State High Court presided over by Justice T. M. Adedipe gave a landmark ruling in respect of a request on the Freedom of Information (FOI) Act. The justice, who ruled on the applications brought before him by an Akure-based legal practitioner, Femi Emannuel Emadamori, ordered the Commissioner of Finance in the state to release certified true copies of the disbursements from the Joint State and Local Government Account, which warehouses the councils’ share of the Federation Accounts Allocation Committee (FAAC).  Though Emadamori is yet to conclusively get to the end of his mission on the subject matter, it is interesting that a court of competent jurisdiction is stepping in to help fix the jigsaw around the Need To Know issues in democratic governance.  Since the return of democratic rule, actors in government and many citizens alike have painted things as if a mystery surrounds government's actions and inactions and that there are many things the government sees sitting down that the citizens cannot see, even when they climb an Iroko tree.  I believe that such thinking informed the decision of the Ondo State government to file a suit on June 4, 2018, in which it challenged the ruling of a Court of Appeal, which affirmed the application of the FOI Act in all the 36 states of the federation. Speaker of Ondo State House of Assembly and the Auditor-General that year filed a notice of appeal to the Supreme Court, declaring that the Akure Division of the Court of Appeal erred by ruling in March of the same year that the Freedom of Information Act was applicable in all 36 states of the country.  Counsels to the Ondo State Government had argued then: “The term information or freedom of information is neither in the executive legislative list nor the concurrent legislative list of the second schedule to the Constitution,” and that: “The power of the Federal Government to make law only extends to matters or items listed in the executive legislative list or the concurrent legislative list.”  Realising that the battles ahead against the spirit and soul of the FOI Act could be fierce and relentless, stakeholders in July this year put together a workshop to dissect the possible arrows against the implementation of the 2011 Act and the possible ways out of the conundrum.   But why should the FOI Act be of importance right now? The question is Germain, and the answer also sits right at the centre of the practice and workability of democracy in this clime. There is no doubting the fact that democratic practice is becoming more problematic than we envisaged in those heady days of anti-military rule protests. Democracy is believed to be the government of the people, which will cater to the needs of the people and guarantee that their voices count in the ears of the government. As things stand, especially after 25 years of unbroken democratic rule in Nigeria, the disillusionment is clearly written. The last general election showcased a drop in the number of electorates who turned up for elections. It was said that voter turnout over the years has dropped by as much as 26 per cent. In Nigeria’s last general election, less than 23 million citizens determined the winners and losers of the nation’s presidency, in a country of 260 million.  The elders say that words you didn’t hear can’t cause you pain. But if the people must be encouraged to get involved in the affairs of their country and the states, information about government activities must be readily available to them. The people must be in a position to have the facts and figures they need to interpret the rate of service delivery at every level, which is the role the FOI Act is set out to play.  Thankfully, stakeholders are not sleeping on this important issue, and last July, members of the civil society, the media, academia, and public service gathered in Abuja to deliberate on the identifiable impediments to the implementation of the Freedom of Information (FOI). The gathering which was at the instance of the International Press Centre (IPC), Lagos, in collaboration with the Policy and Legal Advocacy Centre (PLAC), the Centre for Media and Society (CEMESO), and YIAGA Africa, as part of the European Union Support to Democratic Governance in Nigeria, Phase II (EU-SDGN II), unveiled some landmark resolutions, which could provide the much-needed assistance to the nation’s democratic process.  Lanre Arogundade of the IPC had opened the meeting with a declaration that it was somewhat odd that Nigerians are still debating the implementation of the FOI 14 years after, adding that freedom of information is sacrosanct because it is the oxygen of democratic rights. He highlighted the need to revisit the regime of sanctions contained in the Act and welcomed the push by two members of the House of Representatives to propose varying amendments.  The communique released at the end of the three-day event called for urgent steps to be taken to address the gaps recognised in the implementation process of the FOI. Some of the gaps include the criminalisation of all offences under the law and the failure to give room to mediation by the office of the Attorney General of the Federation or that of the states.  Dr. Akin Akingbulu of CEMESO, who spoke at the meeting, related an experience thus: “This is an email from a stakeholder: I'm reaching out because my team is working on a project that involves Nigeria, and we are looking for some support with FOI work. Specifically, our reporter in Nigeria is prepared to file a FOI request with the National Communications Commission; last time we filed a request with that agency, they did not acknowledge it, and we unfortunately missed the appeals window….”  Akingbulu raised what he called some burning questions about the application of FOI. The questions include: Why are so many Ministries, Departments, and Agencies silent when FOI requests arrive?  Why has no public institution been sanctioned for violating the law? Why are citizens still forced to go to court for basic budgetary or project information?  Why do some state governments still behave as though the FOI Act does not apply to them—even after the Supreme Court has ruled otherwise?  He advised that the gathering must ensure that the ongoing amendment process of the Act at the National Assembly does not turn out to make the law a weaker instrument of democratic growth. “We cannot afford to create a regime that criminalises requesters or empowers gatekeepers with discretionary vetoes. Instead, we must strengthen the enabling environment for compliance, provide clarity on sanctions for defaulting institutions,” he said.  Edeatan Ojo of the Media Rights Agenda, who spoke on the gaps in FOI implementation, said that though the law in its present state is regarded as relatively good, it still contains some manifest weaknesses. He said that the law had received global attention with no fewer than 140 countries operating the law in one form or the other. He said the Global Right to Information (RTI) Rating platform, which analyses the quality of the world’s access to information laws, ranked the Nigerian law as 64, with a score of 88 points out of a maximum possible score of 150, adding that the ingredients that make up the score include the strength of national legal frameworks, the methodology and the best practices at the national level. Incidentally, the Nigerian law ranks below some of the countries in Africa, as Ojo submitted that some of the countries, even in West Africa, rank among the top 10 in the global rating. The FOI law of the Gambia, 2021, with 128 points, was rated number six in the global rating, while the Liberian Freedom of Information Act, 2010, was listed as No. 10 with a score of 123 points, he said. Other countries with better ratings than Nigeria include Sierra Leone at No. 11, South Sudan at No. 12, Tunisia at No. 15, South Africa occupying No. 16, and Namibia, which occupies number 17 in the global rating. This submission completely indicates that the Nigerian situation demands reforms that are not only urgent but imperative.  Ojo said of the Nigerian situation: “Our major undoing is the fact that we do not have an independent administrative appeals mechanism or administrative sanctions. The Law also does not place responsibility on any institution or body to promote the Act to ensure public awareness.”  Interestingly, the communique released after the Abuja session acknowledged the need for the establishment of “a robust administrative sanctions framework,” aside from the need for budgetary empowerment for Ministries, Departments, and Agencies (MDAs) at the state and federal levels to aid training of officers and implementation procedures of the Act.  As we continue to periscope the way forward for democratic practice in Nigeria and Africa, strengthening the FOI Act and its implementation with every energy at our disposal will aid that search most positively."", 'url': 'https://theeagleonline.com.ng/in-search-of-foi-that-barks-and-bites-by-taiwo-adisa/', 'site_name': 'The Eagle Online', 'image': {'identifier': 'https://theeagleonline.com.ng/wp-content/uploads/2020/10/Mr.-Taiwo-Adisa-e1720358337512.jpg', 'width': 567, 'height': 356, 'type': 'image/jpeg'}}, 'article': {'publisher': 'https://www.facebook.com/245777418823519', 'published_time': '2025-10-05T11:23:54+00:00', 'modified_time': '2025-10-05T11:24:03+00:00'}, 'author': 'The Eagle Online', 'twitter': {'card': 'summary_large_image', 'creator': '@DEagleOnline', 'site': '@DEagleOnline', 'label1': 'Written by', 'data1': 'The Eagle Online', 'label2': 'Est. reading time', 'data2': '7 minutes'}, 'generator': 'Elementor 3.33.1; features: additional_custom_breakpoints; settings: css_print_method-external, google_font-enabled, font_display-auto', 'google-adsense-platform-account': 'ca-host-pub-2644536267352236', 'google-adsense-platform-domain': 'sitekit.withgoogle.com', 'onesignal': 'wordpress-plugin', 'msapplication-TileImage': 'https://theeagleonline.com.ng/wp-content/uploads/2021/06/theeagleonline_icon.png'})","On September 11, 2025, an Ondo State High Court presided over by Justice T. M. Adedipe gave a landmark ruling in respect of a request on the Freedom of Information (FOI) Act. The justice, who ruled on the applications brought before him by an Akure-based legal practitioner, Femi Emannuel Emadamori, ordered the Commissioner of Finance in the state to release certified true copies of the disbursements from the Joint State and Local Government Account, which warehouses the councils’ share of the Federation Accounts Allocation Committee (FAAC).Though Emadamori is yet to conclusively get to the end of his mission on the subject matter, it is interesting that a court of competent jurisdiction is stepping in to help fix the jigsaw around the Need To Know issues in democratic governance.Since the return of democratic rule, actors in government and many citizens alike have painted things as if a mystery surrounds government’s actions and inactions and that there are many things the government sees sitting down that the citizens cannot see, even when they climb an Iroko tree.I believe that such thinking informed the decision of the Ondo State government to file a suit on June 4, 2018, in which it challenged the ruling of a Court of Appeal, which affirmed the application of the FOI Act in all the 36 states of the federation. Speaker of Ondo State House of Assembly and the Auditor-General that year filed a notice of appeal to the Supreme Court, declaring that the Akure Division of the Court of Appeal erred by ruling in March of the same year that the Freedom of Information Act was applicable in all 36 states of the country.Counsels to the Ondo State Government had argued then: “The term information or freedom of information is neither in the executive legislative list nor the concurrent legislative list of the second schedule to the Constitution,” and that: “The power of the Federal Government to make law only extends to matters or items listed in the executive legislative list or the concurrent legislative list.”Realising that the battles ahead against the spirit and soul of the FOI Act could be fierce and relentless, stakeholders in July this year put together a workshop to dissect the possible arrows against the implementation of the 2011 Act and the possible ways out of the conundrum.But why should the FOI Act be of importance right now? The question is Germain, and the answer also sits right at the centre of the practice and workability of democracy in this clime. There is no doubting the fact that democratic practice is becoming more problematic than we envisaged in those heady days of anti-military rule protests. Democracy is believed to be the government of the people, which will cater to the needs of the people and guarantee that their voices count in the ears of the government. As things stand, especially after 25 years of unbroken democratic rule in Nigeria, the disillusionment is clearly written. The last general election showcased a drop in the number of electorates who turned up for elections. It was said that voter turnout over the years has dropped by as much as 26 per cent. In Nigeria’s last general election, less than 23 million citizens determined the winners and losers of the nation’s presidency, in a country of 260 million.The elders say that words you didn’t hear can’t cause you pain. But if the people must be encouraged to get involved in the affairs of their country and the states, information about government activities must be readily available to them. The people must be in a position to have the facts and figures they need to interpret the rate of service delivery at every level, which is the role the FOI Act is set out to play.Thankfully, stakeholders are not sleeping on this important issue, and last July, members of the civil society, the media, academia, and public service gathered in Abuja to deliberate on the identifiable impediments to the implementation of the Freedom of Information (FOI). The gathering which was at the instance of the International Press Centre (IPC), Lagos, in collaboration with the Policy and Legal Advocacy Centre (PLAC), the Centre for Media and Society (CEMESO), and YIAGA Africa, as part of the European Union Support to Democratic Governance in Nigeria, Phase II (EU-SDGN II), unveiled some landmark resolutions, which could provide the much-needed assistance to the nation’s democratic process.Lanre Arogundade of the IPC had opened the meeting with a declaration that it was somewhat odd that Nigerians are still debating the implementation of the FOI 14 years after, adding that freedom of information is sacrosanct because it is the oxygen of democratic rights. He highlighted the need to revisit the regime of sanctions contained in the Act and welcomed the push by two members of the House of Representatives to propose varying amendments.The communique released at the end of the three-day event called for urgent steps to be taken to address the gaps recognised in the","On September 11, 2025, an Ondo State High Court presided over by Justice T. M. Adedipe gave a landmark ruling in respect of a request on the Freedom of Information (FOI) Act.
But why should the FOI Act be of importance right now?
Why do some state governments still behave as though the FOI Act does not apply to them—even after the Supreme Court has ruled otherwise?
The FOI law of the Gambia, 2021, with 128 points, was rated number six in the global rating, while the Liberian Freedom of Information Act, 2010, was listed as No.
As we continue to periscope the way forward for democratic practice in Nigeria and Africa, strengthening the FOI Act and its implementation with every energy at our disposal will aid that search most positively.","2025-10-05 11:23:54+00:00","['foi', 'adisa', 'law', 'implementation', 'barks', 'taiwo', 'information', 'nigeria', 'search', 'state', 'court', 'democratic', 'bites', 'freedom', 'act']","https://theeagleonline.com.ng/in-search-of-foi-that-barks-and-bites-by-taiwo-adisa/",""
"Stop the Malicious Lies, Onanuga Tackles US Senator over Persecution of Christians in Nigeria Claim – THISDAYLIVE","defaultdict(<class 'dict'>, {'viewport': 'width=device-width, initial-scale=1.0, maximum-scale=1.0,user-scalable=0', 'msapplication-TileColor': '#e7302a', 'msapplication-TileImage': 'https://www.thisdaylive.com/wp-content/themes/thisdaylive/library/favicons/ms-icon-144x144.png', 'theme-color': '#e7302a', 'robots': 'max-image-preview:large', 'generator': 'Site Kit by Google 1.156.0', 'og': {'image': 'https://global.ariseplay.com/amg/www.thisdaylive.com/uploads/19567131_screenshot20251004131149_jpeged3db46e51810295d7e9ce02990a1b3c.jpeg'}, 'google-adsense-platform-account': 'ca-host-pub-2644536267352236', 'google-adsense-platform-domain': 'sitekit.withgoogle.com'})","Chuks Okocha in AbujaThe Special Adviser on Information and Strategy to President Bola Tinubu, Mr Bayo Onanuga, has dismissed as “malicious, contrived lies” a claim by US Senator Ted Cruz that Nigerian officials were ignoring the mass killing of Christians.Cruz had alleged that Islamist jihadists were carrying out “mass murder of Christians” in Nigeria with the complicity of state officials.“Officials in Nigeria are ignoring and even facilitating the mass murder of Christians by Islamist jihadists,” the senator wrote on X.“It’s time to hold those responsible accountable. My Nigeria Religious Freedom Accountability Act would target these officials with powerful sanctions and other tools.”In a riposte on the same social media platform, Onanuga said Nigeria does not have a religious war and insisted that terrorists and bandits kill without discrimination.“Senator, stop these malicious, contrived lies against my country. We do not have a religious war in my country,” the president’s spokesperson wrote.“The degraded Boko Haram terrorists operating on the fringes of Nigeria’s North-east target everyone. They attack farmers, our soldiers.“The bandits in the North-west kill worshippers in their mosques. Christians are not targeted. We have religious harmony in our country. Stop these malicious lies.”On Tuesday, President Tinubu had said allegations of religious genocide in Nigeria were unfounded, noting that the country was built on the faith and resilience of its people.Speaking in Owerri, the Imo State capital, the president said no religion was under threat in the country, noting that Nigerians, after 65 years of independence, have learned to appreciate their cultural and religious diversity.","Cruz had alleged that Islamist jihadists were carrying out “mass murder of Christians” in Nigeria with the complicity of state officials.
“Officials in Nigeria are ignoring and even facilitating the mass murder of Christians by Islamist jihadists,” the senator wrote on X.
“Senator, stop these malicious, contrived lies against my country.
We do not have a religious war in my country,” the president’s spokesperson wrote.
Stop these malicious lies.”On Tuesday, President Tinubu had said allegations of religious genocide in Nigeria were unfounded, noting that the country was built on the faith and resilience of its people.","2025-10-05 00:00:00","['lies', 'christians', 'country', 'mass', 'senator', 'thisdaylive', 'religious', 'president', 'tinubu', 'terrorists', 'nigeria', 'malicious', 'war', 'stop', 'persecution', 'onanuga', 'claim', 'tackles']","https://www.thisdaylive.com/2025/10/05/stop-the-malicious-lies-onanuga-tackles-us-senator-over-persecution-of-christians-in-nigeria-claim/",""
"Ukraine war briefing: China providing Russia with intelligence on missile targets, Ukrainian official claims","defaultdict(<class 'dict'>, {'description': 'Ukrainian intelligence official says ‘evidence of a high level of cooperation between Russia and China in conducting satellite reconnaissance’. What we know on day 1,320', 'viewport': 'width=device-width,minimum-scale=1,initial-scale=1', 'theme-color': '#052962', 'og': {'url': 'https://www.theguardian.com/world/2025/oct/05/ukraine-war-briefing-china-providing-russia-with-intelligence-on-missile-targets-ukrainian-official-claims', 'image': {'identifier': 'https://i.guim.co.uk/img/media/7b110338254da95c7a937ef0fc75121789651391/417_0_4583_3667/master/4583.jpg?width=1200&height=630&quality=85&auto=format&fit=crop&precrop=40:21,offset-x50,offset-y0&overlay-align=bottom%2Cleft&overlay-width=100p&overlay-base64=L2ltZy9zdGF0aWMvb3ZlcmxheXMvdGctZGVmYXVsdC5wbmc&enable=upscale&s=8cb15d9b2becb3f9e1e4beb9fb3125c2', 'height': 960}, 'title': 'Ukraine war briefing: China providing Russia with intelligence on missile targets, Ukrainian official claims', 'description': 'Ukrainian intelligence official says ‘evidence of a high level of cooperation between Russia and China in conducting satellite reconnaissance’. What we know on day 1,320', 'type': 'article', 'site_name': 'the Guardian'}, 'article': {'author': 'Guardian staff and agencies', 'publisher': 'https://www.facebook.com/theguardian', 'modified_time': '2025-10-05T04:06:26.000Z', 'section': 'World news', 'published_time': '2025-10-05T04:06:26.000Z', 'tag': 'Ukraine,Russia,China,Europe'}, 'al': {'ios': {'url': 'gnmguardian://world/2025/oct/05/ukraine-war-briefing-china-providing-russia-with-intelligence-on-missile-targets-ukrainian-official-claims?contenttype=Article&source=applinks', 'app_store_id': 409128287, 'app_name': 'The Guardian'}}, 'fb': {'app_id': 180444840287}, 'twitter': {'dnt': 'on', 'app': {'id': {'iphone': 409128287, 'ipad': 409128287, 'googleplay': 'com.guardian'}, 'name': {'googleplay': 'The Guardian', 'ipad': 'The Guardian', 'iphone': 'The Guardian'}, 'url': {'googleplay': 'guardian://www.theguardian.com/world/2025/oct/05/ukraine-war-briefing-china-providing-russia-with-intelligence-on-missile-targets-ukrainian-official-claims', 'iphone': 'gnmguardian://world/2025/oct/05/ukraine-war-briefing-china-providing-russia-with-intelligence-on-missile-targets-ukrainian-official-claims?contenttype=Article&source=twitter', 'ipad': 'gnmguardian://world/2025/oct/05/ukraine-war-briefing-china-providing-russia-with-intelligence-on-missile-targets-ukrainian-official-claims?contenttype=Article&source=twitter'}}, 'card': 'summary_large_image', 'image': 'https://i.guim.co.uk/img/media/7b110338254da95c7a937ef0fc75121789651391/417_0_4583_3667/master/4583.jpg?width=1200&height=630&quality=85&auto=format&fit=crop&precrop=40:21,offset-x50,offset-y0&overlay-align=bottom%2Cleft&overlay-width=100p&overlay-base64=L2ltZy9zdGF0aWMvb3ZlcmxheXMvdGctZGVmYXVsdC5wbmc&s=20e3acf0a850e83ee11bb890ebacdf80', 'site': '@guardian'}, 'robots': 'max-image-preview:large'})","China is providing intelligence to Russia to enable Moscow to better launch missile strikes inside Ukraine, a senior Ukrainian intelligence official has said. Ukrainian Foreign Intelligence Agency official Oleh Alexandrov told the state news agency Ukrinform that China was passing on satellite intelligence on targets, including those benefiting from foreign investment. “There is evidence of a high level of cooperation between Russia and China in conducting satellite reconnaissance of the territory of Ukraine in order to identify and further explore strategic objects for targeting,” he said. “As we have seen in recent months, these sites may belong to foreign investors.”Ukraine’s air force said in the early morning on Sunday all of the country was under threat of fresh Russian missile attacks, following hours of air raid alerts and warnings of drone and missile attacks. Andriy Sadovyi, the mayor of Lviv, a western Ukrainian city about 70km (43 miles) from the border with Poland, said missiles were approaching the city after air defence systems were already engaged heavily in repelling a Russian drone attack.Poland scrambled jets early on Sunday after the airstrikes on western Ukraine. “Polish and allied aircraft are operating in our airspace, while ground-based air defence and radar reconnaissance systems have been brought to the highest state of readiness,” Poland’s operational command said in a post on X. According to flight tracking service Flightradar24, early on Sunday, commercial flights were using routings typically used when Poland’s Lublin and Rzeszow airports near the border with Ukraine were closed.Lithuania suspended air traffic at Vilnius airport due to balloons possibly flying in its airspace on Saturday, and flights have been diverted to neighbouring Poland and Latvia. Lithuania, a strong supporter of Ukraine, shares a 679km border with Belarus, a close ally of Russia. The incursion into Lithuania follows drone sightings and air incursions at airports in Copenhagen and Munich in recent weeks.A Russian “combined strike” killed a woman and wounded six other people in Zaporizhzhia, Ivan Fedorov, the head of the south-eastern Ukrainian region, said on Telegram. A 16-year-old girl was among those receiving “necessary assistance” from medical personnel after the attack, Fedorov said.One person was killed and about 30 others injured after two Russian drones struck trains at a station in Ukraine’s northern Sumy region. The region’s governor, Oleh Hryhorov, said eight people had been taken to hospital. The Ukrainian president, Volodymyr Zelenskyy, called the attack “brutal” on Telegram, posting a video of a wrecked, burning passenger carriage and others with their windows blown out. “The Russians could not have been unaware that they were targeting civilians. This is terrorism, which the world has no right to ignore,” Zelenskyy wrote.","China is providing intelligence to Russia to enable Moscow to better launch missile strikes inside Ukraine, a senior Ukrainian intelligence official has said.
Ukrainian Foreign Intelligence Agency official Oleh Alexandrov told the state news agency Ukrinform that China was passing on satellite intelligence on targets, including those benefiting from foreign investment.
Poland scrambled jets early on Sunday after the airstrikes on western Ukraine.
Lithuania, a strong supporter of Ukraine, shares a 679km border with Belarus, a close ally of Russia.
The incursion into Lithuania follows drone sightings and air incursions at airports in Copenhagen and Munich in recent weeks.","2025-10-05 00:00:00","['ukrainian', 'providing', 'claims', 'intelligence', 'missile', 'targets', 'russian', 'early', 'war', 'ukraine', 'official', 'russia', 'air', 'drone', 'foreign']","https://www.theguardian.com/world/2025/oct/05/ukraine-war-briefing-china-providing-russia-with-intelligence-on-missile-targets-ukrainian-official-claims",""
"Lorde shouts ‘Free Palestine’ at her concert, Apple Music blocks her songs in Israel","defaultdict(<class 'dict'>, {'viewport': 'width=device-width, initial-scale=1', 'robots': 'index, follow, max-image-preview:large, max-snippet:-1, max-video-preview:-1', 'description': ""Lorde sparks controversy after shouting 'Free Palestine' at a New York concert, leading to her music being blocked on Apple Music in Israel."", 'og': {'locale': 'en_US', 'type': 'article', 'title': ""Lorde shouts 'Free Palestine' at her concert, Apple Music blocks her songs in Israel - The Statesman"", 'description': ""Lorde sparks controversy after shouting 'Free Palestine' at a New York concert, leading to her music being blocked on Apple Music in Israel."", 'url': 'https://www.thestatesman.com/entertainment/lorde-shouts-free-palestine-at-her-concert-apple-music-blocks-her-songs-in-israel-1503495144.html', 'site_name': 'The Statesman', 'image': {'identifier': 'https://www.thestatesman.com/wp-content/uploads/2025/10/untitled-2025-10-05T143112.091.webp', 'width': 1200, 'height': 675, 'type': 'image/png'}}, 'article': {'publisher': 'https://www.facebook.com/thestatesman1875/', 'published_time': '2025-10-05T09:09:03+00:00'}, 'author': 'Statesman News Service', 'twitter': {'card': 'summary_large_image', 'creator': '@TheStatesmanLtd', 'site': '@TheStatesmanLtd', 'label1': 'Written by', 'data1': 'Statesman News Service', 'label2': 'Est. reading time', 'data2': '2 minutes'}, 'generator': 'WP Rocket 3.20.0.3', 'news_keywords': 'lorde palestine, lorde free palestine, lorde israel', 'keywords': 'lorde palestine, lorde free palestine, lorde israel', 'p': {'domain_verify': '7259cf464a8c8c8e17dd8305892d44fe'}})","When pop superstar Lorde took the stage at Madison Square Garden this week, she wasn’t just singing hits. She was speaking out. As the crowd cheered her hit ‘Team’, the New Zealand singer paused, raised her voice, and declared: “Free f-ing Palestine!” The arena lights flashed red, green, white, and black, echoing the colors of the Palestinian flag.By Thursday, Apple Music users in Israel reported that Lorde’s songs were no longer accessible on the platform. The sudden disappearance comes amid a growing movement of artists boycotting Israel over its treatment of Palestinians.AdvertisementAdvertisement View this post on Instagram A post shared by Lorde (@lorde)Lorde herself is a known supporter of the “No Music for Genocide” initiative, which encourages musicians to restrict access to their work in Israel as a form of protest.Interestingly, her songs are still available to Israeli listeners on Spotify. Fans in Israel were left wondering why they could no longer stream the music of the artist who has consistently taken a stand on political issues.Lorde’s advocacy is not new. In 2017, she canceled a scheduled concert in Tel Aviv after activists encouraged her to join the cultural boycott of Israel, aligned with the Boycott, Divestment, and Sanctions (BDS) movement.That initiative calls on artists, businesses, and governments to pressure Israel to end its occupation of Gaza and other Palestinian territories.Lorde is currently touring globally as part of her ‘Ultrasound World Tour’ to promote her latest album, ‘Virgin’. And in the meantime, she is using her platform to amplify the voices of the oppressed.Historically, Apple has refrained from taking a political stance on the Israel-Palestine conflict. This comes despite calls from activists to cut ties with Israel. The tech giant maintains a major presence in the country, which is home to a booming tech and startup ecosystem.","When pop superstar Lorde took the stage at Madison Square Garden this week, she wasn’t just singing hits.
By Thursday, Apple Music users in Israel reported that Lorde’s songs were no longer accessible on the platform.
Fans in Israel were left wondering why they could no longer stream the music of the artist who has consistently taken a stand on political issues.
That initiative calls on artists, businesses, and governments to pressure Israel to end its occupation of Gaza and other Palestinian territories.
The tech giant maintains a major presence in the country, which is home to a booming tech and startup ecosystem.","2025-10-05 09:09:03+00:00","['post', 'free', 'blocks', 'israel', 'palestinian', 'music', 'concert', 'tech', 'palestine', 'apple', 'songs', 'political', 'shouts', 'longer', 'platform', 'lorde']","https://www.thestatesman.com/entertainment/lorde-shouts-free-palestine-at-her-concert-apple-music-blocks-her-songs-in-israel-1503495144.html",""
